$,int,int,Skip,int,Skip,Skip,int,Boolean,int,int,int,int,int,Array,Array,int,Array
!,id,langName,skip,langDesc,Skip,Skip,res,canStack,quality,type,useLv,period,price,fromFunc,fromDungeon,funType,funCoe
#,编号,名称L,名称,描述L,描述,实际资源,资源,可否堆叠,品质,类型,使用等级,有效期(分钟),基础出售价格,来源功能,来源关卡,功能类型,功能参数
,12201001,122010011,劈乌碎片,122010012,收集10个劈鸦碎片可以合成劈鸦（物理），同时碎片还能用于劈鸦突破。,12101001,12101001,TRUE,3,2,1,0,10,"[110,30]",,2,"[12101001,10,1000]"
,12201002,122010021,蛇尾丸碎片,122010022,收集10个蛇尾丸碎片可以合成蛇尾丸（物理），同时碎片还能用于蛇尾丸突破。,12101002,12101002,TRUE,4,2,1,0,10,"[90,30,32]","[14101004,14101010,14101036,14101042]",2,"[12101002,10,4000]"
,12201003,122010031,斩月碎片,122010032,收集10个斩月碎片可以合成斩月（物理），同时碎片还能用于斩月突破。,12101003,12101003,TRUE,4,2,1,0,10,"[110,190]","[14101027,14101030,14101059,14101062]",2,"[12101003,10,4000]"
,12201004,122010041,肉雫唼碎片,122010042,收集10个肉雫唼碎片可以合成肉雫唼（灵力），同时碎片还能用于肉雫唼突破。,12101004,12101004,TRUE,5,2,1,0,10,[32],,2,"[12101004,10,9000]"
,12201005,122010051,天谴碎片,122010052,收集30个天谴碎片可以合成天谴（物理），同时碎片还能用于天谴突破。,12101005,12101005,TRUE,5,2,1,0,10,"[32,190]",,2,"[12101005,30,9000]"
,12201006,122010061,清虫碎片,122010062,收集10个清虫碎片可以合成清虫（灵力），同时碎片还能用于清虫突破。,12101006,12101006,TRUE,4,2,1,0,10,"[30,32,230]",,2,"[12101006,10,4000]"
,12201007,122010071,冰轮丸碎片,122010072,收集30个冰轮丸碎片可以合成冰轮丸（灵力），同时碎片还能用于冰轮丸突破。,12101007,12101007,TRUE,5,2,1,0,10,[],,2,"[12101007,30,9000]"
,12201008,122010081,流刃若火碎片,122010082,收集80个流刃若火碎片可以合成流刃若火（灵力），同时碎片还能用于流刃若火突破。,12101008,12101008,TRUE,5,2,1,0,10,[230],,2,"[12101008,80,9000]"
,12201009,122010091,剡月碎片,122010092,收集30个剡月碎片可以合成剡月（物理），同时碎片还能用于剡月突破。,12101009,12101009,TRUE,5,2,1,0,10,[],,2,"[12101009,30,9000]"
,12201010,122010101,馘大蛇碎片,122010102,收集10个馘大蛇碎片可以合成馘大蛇（物理），同时碎片还能用于馘大蛇突破。,12101010,12101010,TRUE,4,2,1,0,10,[],,2,"[12101010,10,4000]"
,12201011,122010111,逆抚碎片,122010112,收集10个逆抚碎片可以合成逆抚（物理），同时碎片还能用于逆抚突破。,12101011,12101011,TRUE,5,2,1,0,10,[],,2,"[12101011,10,9000]"
,12201012,122010121,村正碎片,122010122,收集30个村正碎片可以合成村正（物理），同时碎片还能用于村正突破。,12101012,12101012,TRUE,5,2,1,0,10,[],,2,"[12101012,30,9000]"
,12201013,122010131,退红时雨碎片,122010132,收集10个退红时雨碎片可以合成退红时雨（物理），同时碎片还能用于退红时雨突破。,12101013,12101013,TRUE,4,2,1,0,10,[],,2,"[12101013,10,4000]"
,12201014,122010141,残火太刀碎片,122010142,收集10个残火太刀碎片可以合成残火太刀（物理），同时碎片还能用于残火太刀突破。,12101014,12101014,TRUE,6,2,1,0,10,[],,2,"[12101014,10,16000]"
,12201015,122010151,大红莲冰轮丸碎片,122010152,收集10个大红莲冰轮丸碎片可以合成大红莲冰轮丸（物理），同时碎片还能用于大红莲冰轮丸突破。,12101015,12101015,TRUE,6,2,1,0,10,[],,2,"[12101015,10,16000]"
,12201016,122010161,狒狒王蛇尾丸碎片,122010162,收集30个狒狒王蛇尾丸碎片可以合成狒狒王蛇尾丸（物理），同时碎片还能用于狒狒王蛇尾丸突破。,12101016,12101016,TRUE,5,2,1,0,10,[],,2,"[12101016,30,9000]"
,12201017,122010171,阎魔蟋蟀碎片,122010172,收集30个阎魔蟋蟀碎片可以合成阎魔蟋蟀（物理），同时碎片还能用于阎魔蟋蟀突破。,12101017,12101017,TRUE,5,2,1,0,10,[],,2,"[12101017,30,9000]"
,12201018,122010181,天锁斩月碎片,122010182,收集80个天锁斩月碎片可以合成天锁斩月（物理），同时碎片还能用于天锁斩月突破。,12101018,12101018,TRUE,5,2,1,0,10,[],,2,"[12101018,80,9000]"
,12202001,122020011,侘助碎片,122020012,收集10个侘助碎片可以合成侘助（物理），同时碎片还能用于侘助突破。,12102001,12102001,TRUE,3,2,1,0,10,"[90,110,30]",,2,"[12102001,10,1000]"
,12202002,122020021,飞梅碎片,122020022,收集10个飞梅碎片可以合成飞梅（灵力），同时碎片还能用于飞梅突破。,12102002,12102002,TRUE,3,2,1,0,10,"[110,30,230]",,2,"[12102002,10,1000]"
,12202003,122020031,灰猫碎片,122020032,收集10个灰猫碎片可以合成灰猫（物理），同时碎片还能用于灰猫突破。,12102003,12102003,TRUE,4,2,1,0,10,"[30,32]","[14101016,14101023,14101048,14101055]",2,"[12102003,10,4000]"
,12202004,122020041,琉璃色孔雀碎片,122020042,收集10个琉璃色孔雀碎片可以合成琉璃色孔雀（灵力），同时碎片还能用于琉璃色孔雀突破。,12102004,12102004,TRUE,3,2,1,0,10,"[110,30]","[14101001,14101007,14101033,14101039,14101065]",2,"[12102004,10,1000]"
,12202005,122020051,袖白雪碎片,122020052,收集10个袖白雪碎片可以合成袖白雪（灵力），同时碎片还能用于袖白雪突破。,12102005,12102005,TRUE,4,2,1,0,10,[50],,2,"[12102005,10,4000]"
,12202006,122020061,严灵丸碎片,122020062,收集10个严灵丸碎片可以合成严灵丸（灵力），同时碎片还能用于严灵丸突破。,12102006,12102006,TRUE,4,2,1,0,10,[],,2,"[12102006,10,4000]"
,12202007,122020071,红姬碎片,122020072,收集10个红姬碎片可以合成红姬（灵力），同时碎片还能用于红姬突破。,12102007,12102007,TRUE,5,2,1,0,10,"[30,32]",,2,"[12102007,10,9000]"
,12202008,122020081,疋杀地藏碎片,122020082,收集10个疋杀地藏碎片可以合成疋杀地藏（灵力），同时碎片还能用于疋杀地藏突破。,12102008,12102008,TRUE,4,2,1,0,10,"[140,30]",,2,"[12102008,10,4000]"
,12202009,122020091,镜花水月碎片,122020092,收集80个镜花水月碎片可以合成镜花水月（灵力），同时碎片还能用于镜花水月突破。,12102009,12102009,TRUE,5,2,1,0,10,[230],,2,"[12102009,80,9000]"
,12202010,122020101,神枪碎片,122020102,收集10个神枪碎片可以合成神枪（物理），同时碎片还能用于神枪突破。,12102010,12102010,TRUE,5,2,1,0,10,"[110,30,32,190]",,2,"[12102010,10,9000]"
,12202011,122020111,千本樱碎片,122020112,收集30个千本樱碎片可以合成千本樱（物理），同时碎片还能用于千本樱突破。,12102011,12102011,TRUE,5,2,1,0,10,[90],,2,"[12102011,30,9000]"
,12202012,122020121,雷火碎片,122020122,收集30个雷火碎片可以合成雷火（物理），同时碎片还能用于雷火突破。,12102012,12102012,TRUE,5,2,1,0,10,[],,2,"[12102012,30,9000]"
,12202013,122020131,断地风碎片,122020132,收集10个断地风碎片可以合成断地风（物理），同时碎片还能用于断地风突破。,12102013,12102013,TRUE,5,2,1,0,10,[],,2,"[12102013,10,9000]"
,12202014,122020141,虹霞碎片,122020142,收集10个虹霞碎片可以合成虹霞（物理），同时碎片还能用于虹霞突破。,12102014,12102014,TRUE,5,2,1,0,10,[],,2,"[12102014,10,9000]"
,12202015,122020151,千本樱·景严碎片,122020152,收集10个千本樱·景严碎片可以合成千本樱·景严（物理），同时碎片还能用于千本樱·景严突破。,12102015,12102015,TRUE,6,2,1,0,10,[],,2,"[12102015,10,16000]"
,12202016,122020161,金色疋杀地蔵碎片,122020162,收集30个金色疋杀地蔵碎片可以合成金色疋杀地蔵（物理），同时碎片还能用于金色疋杀地蔵突破。,12102016,12102016,TRUE,5,2,1,0,10,[],,2,"[12102016,30,9000]"
,12202017,122020171,神杀枪碎片,122020172,收集30个神杀枪碎片可以合成神杀枪（物理），同时碎片还能用于神杀枪突破。,12102017,12102017,TRUE,5,2,1,0,10,[],,2,"[12102017,30,9000]"
,12203001,122030011,风死碎片,122030012,收集10个风死碎片可以合成风死（物理），同时碎片还能用于风死突破。,12103001,12103001,TRUE,4,2,1,0,10,"[30,32]","[14101013,14101020,14101045,14101052]",2,"[12103001,10,4000]"
,12203002,122030021,双鱼理碎片,122030022,收集10个双鱼理碎片可以合成双鱼理（灵力），同时碎片还能用于双鱼理突破。,12103002,12103002,TRUE,5,2,1,0,10,[32],,2,"[12103002,10,9000]"
,12203003,122030031,花天狂骨碎片,122030032,收集30个花天狂骨碎片可以合成花天狂骨（物理），同时碎片还能用于花天狂骨突破。,12103003,12103003,TRUE,5,2,1,0,10,[90],,2,"[12103003,30,9000]"
,12204001,122040011,铁浆蜻蛉碎片,122040012,收集10个铁浆蜻蛉碎片可以合成铁浆蜻蛉（物理），同时碎片还能用于铁浆蜻蛉突破。,12104001,12104001,TRUE,4,2,1,0,10,[],,2,"[12104001,10,4000]"
,12204002,122040021,天狗丸碎片,122040022,收集10个天狗丸碎片可以合成天狗丸（物理），同时碎片还能用于天狗丸突破。,12104002,12104002,TRUE,4,2,1,0,10,[],,2,"[12104002,10,4000]"
,12204003,122040031,莱空碎片,122040032,收集10个莱空碎片可以合成莱空（物理），同时碎片还能用于莱空突破。,12104003,12104003,TRUE,4,2,1,0,10,[],,2,"[12104003,10,4000]"
,12204004,122040041,鬼灯丸碎片,122040042,收集10个鬼灯丸碎片可以合成鬼灯丸（物理），同时碎片还能用于鬼灯丸突破。,12104004,12104004,TRUE,4,2,1,0,10,"[110,30,32]",,2,"[12104004,10,4000]"
,12204005,122040051,墨月晕碎片,122040052,收集10个墨月晕碎片可以合成墨月晕（物理），同时碎片还能用于墨月晕突破。,12104005,12104005,TRUE,5,2,1,0,10,[],,2,"[12104005,10,9000]"
,12204006,122040061,捩花碎片,122040062,收集10个捩花碎片可以合成捩花（物理），同时碎片还能用于捩花突破。,12104006,12104006,TRUE,5,2,1,0,10,[32],,2,"[12104006,10,9000]"
,12900001,129000011,黑崎一护<始解>,129000012,收集10个可以合成黑崎一护[始解]（攻击类）,12300001,12300001,TRUE,3,4,1,0,10,[110],"[14101026,14101028]",1,"[12300001,10,500]"
,12900002,129000021,黑崎一护<卍解>,129000022,收集10个可以合成黑崎一护[卍解]（攻击类）,12300002,12300002,TRUE,4,4,1,0,10,[100],,1,"[12300002,10,1500]"
,12900003,129000031,黑崎一护<虚化>,129000032,收集10个可以合成黑崎一护[虚化]（攻击类）,12300003,12300003,TRUE,5,4,1,0,10,[],,1,"[12300003,10,3500]"
,12900004,129000041,白崎一护,129000042,收集10个可以合成白崎一护（攻击类）,12300004,12300004,TRUE,4,4,1,0,10,[230],,1,"[12300004,10,1500]"
,12900005,129000051,井上织姬,129000052,收集10个可以合成井上织姬（防御类）,12300005,12300005,TRUE,3,4,1,0,10,[110],"[14101021,14101061]",1,"[12300005,10,500]"
,12900006,129000061,井上织姬<战斗>,129000062,收集10个可以合成井上织姬[战斗]（防御类）,12300006,12300006,TRUE,4,4,1,0,10,"[110,30,80]",,1,"[12300006,10,1500]"
,12900007,129000071,茶渡泰虎,129000072,收集10个可以合成茶渡泰虎（攻击类）,12300007,12300007,TRUE,3,4,1,0,10,[110],"[14101011,14101019,14101051,14101059]",1,"[12300007,10,500]"
,12900008,129000081,茶渡泰虎<战斗>,129000082,收集10个可以合成茶渡泰虎[战斗]（攻击类）,12300008,12300008,TRUE,4,4,1,0,10,"[110,30,80]",,1,"[12300008,10,1500]"
,12900009,129000091,石田雨龙,129000092,收集10个可以合成石田雨龙（防御类）,12300009,12300009,TRUE,3,4,1,0,10,[110],"[14101010,14101013,14101022,14101029,14101050,14101053,14101062]",1,"[12300009,10,500]"
,12900010,129000101,石田雨龙<灭却师>,129000102,收集10个可以合成石田雨龙[灭却师]（防御类）,12300010,12300010,TRUE,4,4,1,0,10,"[110,30,80]",,1,"[12300010,10,1500]"
,12900011,129000111,浦原喜助,129000112,收集10个可以合成浦原喜助（防御类）,12300011,12300011,TRUE,4,4,1,0,10,"[30,32]","[14101015,14101022,14101047,14101054]",1,"[12300011,10,1500]"
,12900012,129000121,浦原喜助<死神>,129000122,收集10个可以合成浦原喜助[死神]（防御类）,12300012,12300012,TRUE,5,4,1,0,10,"[30,190]",,1,"[12300012,10,3500]"
,12900013,129000131,握菱铁裁,129000132,收集10个可以合成握菱铁裁（防御类）,12300013,12300013,TRUE,2,4,1,0,10,[110],"[14101017,14101057]",1,"[12300013,10,500]"
,12900014,129000141,握菱铁裁<鬼道长>,129000142,收集10个可以合成握菱铁裁[鬼道长]（防御类）,12300014,12300014,TRUE,4,4,1,0,10,"[30,32]","[14101018,14101025,14101050,14101057]",1,"[12300014,10,1500]"
,12900015,129000151,石田龙玄,129000152,收集10个可以合成石田龙玄（防御类）,12300015,12300015,TRUE,5,4,1,0,10,[30],,1,"[12300015,10,3500]"
,12900016,129000161,黑崎一心,129000162,收集10个可以合成黑崎一心（攻击类）,12300016,12300016,TRUE,3,4,1,0,10,[110],,1,"[12300016,10,500]"
,12900017,129000171,黑崎一心<死神>,129000172,收集10个可以合成黑崎一心[死神]（攻击类）,12300017,12300017,TRUE,5,4,1,0,10,[30],,1,"[12300017,10,3500]"
,12900018,129000181,唐观音寺,129000182,收集10个可以合成唐观音寺（防御类）,12300018,12300018,TRUE,4,4,1,0,10,"[30,190]","[14101005,14101011,14101037,14101043]",1,"[12300018,10,1500]"
,12900019,129000191,山本重国,129000192,收集10个可以合成山本重国（攻击类）,12300019,12300019,TRUE,5,4,1,0,10,[],,1,"[12300019,10,3500]"
,12900020,129000201,雀部长次郎,129000202,收集10个可以合成雀部长次郎（防御类）,12300020,12300020,TRUE,4,4,1,0,10,[],,1,"[12300020,10,1500]"
,12900021,129000211,碎蜂,129000212,收集10个可以合成碎蜂（防御类）,12300021,12300021,TRUE,4,4,1,0,10,"[30,32]","[14101028,14101031,14101060,14101063]",1,"[12300021,10,1500]"
,12900022,129000221,大前田希千代,129000222,收集10个可以合成大前田希千代（防御类）,12300022,12300022,TRUE,2,4,1,0,10,[110],[14101031],1,"[12300022,10,500]"
,12900023,129000231,市丸银,129000232,收集10个可以合成市丸银（攻击类）,12300023,12300023,TRUE,4,4,1,0,10,[30],,1,"[12300023,10,1500]"
,12900024,129000241,吉良伊鹤,129000242,收集10个可以合成吉良伊鹤（防御类）,12300024,12300024,TRUE,4,4,1,0,10,[90],,1,"[12300024,10,1500]"
,12900025,129000251,卯之花烈,129000252,收集10个可以合成卯之花烈（防御类）,12300025,12300025,TRUE,5,4,1,0,10,[],,1,"[12300025,10,3500]"
,12900026,129000261,虎彻勇音,129000262,收集10个可以合成虎彻勇音（防御类）,12300026,12300026,TRUE,3,4,1,0,10,[110],[14101039],1,"[12300026,10,500]"
,12900027,129000271,虎彻清音,129000272,收集10个可以合成虎彻清音（防御类）,12300027,12300027,TRUE,2,4,1,0,10,[110],[14101040],1,"[12300027,10,500]"
,12900028,129000281,山田花太郎,129000282,收集10个可以合成山田花太郎（防御类）,12300028,12300028,TRUE,2,4,1,0,10,[110],[14101036],1,"[12300028,10,500]"
,12900029,129000291,蓝染惣右介,129000292,收集10个可以合成蓝染惣右介（防御类）,12300029,12300029,TRUE,4,4,1,0,10,[],,1,"[12300029,10,1500]"
,12900030,129000301,蓝染惣右介<白装>,129000302,收集10个可以合成蓝染惣右介[白装]（防御类）,12300030,12300030,TRUE,5,4,1,0,10,[],,1,"[12300030,10,3500]"
,12900031,129000311,雏森桃,129000312,收集10个可以合成雏森桃（防御类）,12300031,12300031,TRUE,4,4,1,0,10,[230],,1,"[12300031,10,1500]"
,12900032,129000321,朽木白哉,129000322,收集10个可以合成朽木白哉（防御类）,12300032,12300032,TRUE,4,4,1,0,10,[],,1,"[12300032,10,1500]"
,12900033,129000331,朽木白哉<卍解>,129000332,收集10个可以合成朽木白哉[卍解]（防御类）,12300033,12300033,TRUE,5,4,1,0,10,[],,1,"[12300033,10,3500]"
,12900034,129000341,阿散井恋次,129000342,收集10个可以合成阿散井恋次（攻击类）,12300034,12300034,TRUE,3,4,1,0,10,[110],"[14101018,14101038,14101058]",1,"[12300034,10,500]"
,12900035,129000351,阿散井恋次<卍解>,129000352,收集10个可以合成阿散井恋次[卍解]（攻击类）,12300035,12300035,TRUE,4,4,1,0,10,[90],,1,"[12300035,10,1500]"
,12900036,129000361,狛村左阵,129000362,收集10个可以合成狛村左阵（防御类）,12300036,12300036,TRUE,4,4,1,0,10,"[30,32]","[14101029,14101032,14101061,14101064]",1,"[12300036,10,1500]"
,12900037,129000371,狛村左阵<卍解>,129000372,收集10个可以合成狛村左阵[卍解]（防御类）,12300037,12300037,TRUE,5,4,1,0,10,"[110,190]",,1,"[12300037,10,3500]"
,12900038,129000381,射场铁左卫门,129000382,收集10个可以合成射场铁左卫门（防御类）,12300038,12300038,TRUE,3,4,1,0,10,[110],,1,"[12300038,10,500]"
,12900039,129000391,京乐春水,129000392,收集10个可以合成京乐春水（攻击类）,12300039,12300039,TRUE,5,4,1,0,10,[90],,1,"[12300039,10,3500]"
,12900040,129000401,伊势七绪,129000402,收集10个可以合成伊势七绪（防御类）,12300040,12300040,TRUE,3,4,1,0,10,[110],,1,"[12300040,10,500]"
,12900041,129000411,东仙要,129000412,收集10个可以合成东仙要（防御类）,12300041,12300041,TRUE,4,4,1,0,10,[230],,1,"[12300041,10,1500]"
,12900042,129000421,桧佐木修兵,129000422,收集10个可以合成桧佐木修兵（防御类）,12300042,12300042,TRUE,4,4,1,0,10,[30],"[14101014,14101021,14101046,14101053]",1,"[12300042,10,1500]"
,12900043,129000431,日番谷冬狮郎,129000432,收集10个可以合成日番谷冬狮郎（防御类）,12300043,12300043,TRUE,4,4,1,0,10,[],,1,"[12300043,10,1500]"
,12900044,129000441,日番谷冬狮郎<卍解>,129000442,收集10个可以合成日番谷冬狮郎[卍解]（防御类）,12300044,12300044,TRUE,5,4,1,0,10,[],,1,"[12300044,10,3500]"
,12900045,129000451,松本乱菊,129000452,收集10个可以合成松本乱菊（防御类）,12300045,12300045,TRUE,4,4,1,0,10,[30],"[14101017,14101024,14101049,14101056]",1,"[12300045,10,1500]"
,12900046,129000461,更木剑八,129000462,收集10个可以合成更木剑八（攻击类）,12300046,12300046,TRUE,4,4,1,0,10,"[30,32]","[14101003,14101009,14101035,14101041]",1,"[12300046,10,1500]"
,12900047,129000471,更木剑八<灵压释放>,129000472,收集10个可以合成更木剑八[灵压释放]（攻击类）,12300047,12300047,TRUE,5,4,1,0,10,[30],,1,"[12300047,10,3500]"
,12900048,129000481,草鹿八千流,129000482,收集10个可以合成草鹿八千流（防御类）,12300048,12300048,TRUE,3,4,1,0,10,[110],,1,"[12300048,10,500]"
,12900049,129000491,斑目一角,129000492,收集10个可以合成斑目一角（攻击类）,12300049,12300049,TRUE,4,4,1,0,10,"[110,30]",,1,"[12300049,10,1500]"
,12900050,129000501,绫濑川弓亲,129000502,收集10个可以合成绫濑川弓亲（防御类）,12300050,12300050,TRUE,4,4,1,0,10,[30],"[14101002,14101008,14101034,14101040]",1,"[12300050,10,1500]"
,12900051,129000511,涅茧利,129000512,收集10个可以合成涅茧利（防御类）,12300051,12300051,TRUE,4,4,1,0,10,[140],,1,"[12300051,10,1500]"
,12900052,129000521,涅茧利<卍解>,129000522,收集10个可以合成涅茧利[卍解]（防御类）,12300052,12300052,TRUE,5,4,1,0,10,[140],,1,"[12300052,10,3500]"
,12900053,129000531,涅音梦,129000532,收集10个可以合成涅音梦（防御类）,12300053,12300053,TRUE,3,4,1,0,10,[110],,1,"[12300053,10,500]"
,12900054,129000541,浮竹十四郎,129000542,收集10个可以合成浮竹十四郎（防御类）,12300054,12300054,TRUE,5,4,1,0,10,[],,1,"[12300054,10,3500]"
,12900055,129000551,志波海燕,129000552,收集10个可以合成志波海燕（防御类）,12300055,12300055,TRUE,4,4,1,0,10,[],,1,"[12300055,10,1500]"
,12900056,129000561,志波空鹤,129000562,收集10个可以合成志波空鹤（防御类）,12300056,12300056,TRUE,3,4,1,0,10,[110],[14101035],1,"[12300056,10,500]"
,12900057,129000571,志波岩鹫,129000572,收集10个可以合成志波岩鹫（攻击类）,12300057,12300057,TRUE,2,4,1,0,10,[110],"[14101034,14101037]",1,"[12300057,10,500]"
,12900058,129000581,朽木露琪亚<死神>,129000582,收集10个可以合成朽木露琪亚[死神]（防御类）,12300058,12300058,TRUE,4,4,1,0,10,[],,1,"[12300058,10,1500]"
,12900059,129000591,朽木露琪亚,129000592,收集10个可以合成朽木露琪亚（防御类）,12300059,12300059,TRUE,3,4,1,0,10,[110],"[14101008,14101032,14101048]",1,"[12300059,10,500]"
,12900060,129000601,四枫院夜一,129000602,收集10个可以合成四枫院夜一（攻击类）,12300060,12300060,TRUE,4,4,1,0,10,"[30,32]","[14101019,14101026,14101051,14101058]",1,"[12300060,10,1500]"
,12900061,129000611,四枫院夜一<猫>,129000612,收集10个可以合成四枫院夜一[猫]（防御类）,12300061,12300061,TRUE,2,4,1,0,10,[110],"[14101009,14101025,14101049,14101065]",1,"[12300061,10,500]"
,12900062,129000621,四枫院夜一<瞬閧>,129000622,收集10个可以合成四枫院夜一[瞬开]（攻击类）,12300062,12300062,TRUE,5,4,1,0,10,[30],,1,"[12300062,10,3500]"
,12900063,129000631,西堂荣吉郎,129000632,收集10个可以合成西堂荣吉郎（攻击类）,12300063,12300063,TRUE,2,4,1,0,10,[110],"[14101007,14101047]",1,"[12300063,10,500]"
,12900064,129000641,有泽龙贵,129000642,收集10个可以合成有泽龙贵（攻击类）,12300064,12300064,TRUE,2,4,1,0,10,[110],"[14101004,14101020,14101027,14101044,14101060]",1,"[12300064,10,500]"
,12900065,129000651,井上昊,129000652,收集10个可以合成井上昊（攻击类）,12300065,12300065,TRUE,2,4,1,0,10,[110],"[14101003,14101043]",1,"[12300065,10,500]"
,12900066,129000661,柴田勇一,129000662,收集10个可以合成柴田勇一（防御类）,12300066,12300066,TRUE,2,4,1,0,10,[110],"[14101006,14101046]",1,"[12300066,10,500]"
,12900067,129000671,魂,129000672,收集10个可以合成魂（攻击类）,12300067,12300067,TRUE,2,4,1,0,10,[110],"[14101005,14101045]",1,"[12300067,10,500]"
,12900068,129000681,黑崎真咲,129000682,收集10个可以合成黑崎真咲（防御类）,12300068,12300068,TRUE,5,4,1,0,10,[30],,1,"[12300068,10,3500]"
,12900069,129000691,浅野启吾,129000692,收集10个可以合成浅野启吾（防御类）,12300069,12300069,TRUE,2,4,1,0,10,[110],"[14101016,14101056]",1,"[12300069,10,500]"
,12900070,129000701,袖屋雨,129000702,收集10个可以合成袖屋雨（攻击类）,12300070,12300070,TRUE,3,4,1,0,10,[110],"[14101023,14101063]",1,"[12300070,10,500]"
,12900071,129000711,甚太,129000712,收集10个可以合成甚太（攻击类）,12300071,12300071,TRUE,3,4,1,0,10,[110],"[14101024,14101064]",1,"[12300071,10,500]"
,12900072,129000721,黑崎夏梨,129000722,收集10个可以合成黑崎夏梨（攻击类）,12300072,12300072,TRUE,2,4,1,0,10,[110],"[14101002,14101042]",1,"[12300072,10,500]"
,12900073,129000731,黑崎游子,129000732,收集10个可以合成黑崎游子（防御类）,12300073,12300073,TRUE,2,4,1,0,10,[110],"[14101001,14101041]",1,"[12300073,10,500]"
,12900074,129000741,火无菊,129000742,收集10个可以合成火无菊（攻击类）,12300074,12300074,TRUE,2,4,1,0,10,[110],[14101033],1,"[12300074,10,500]"
,12900075,129000751,莉莉,129000752,收集10个可以合成莉莉（防御类）,12300075,12300075,TRUE,2,4,1,0,10,[110],"[14101014,14101054]",1,"[12300075,10,500]"
,12900076,129000761,梅严,129000762,收集10个可以合成梅严（防御类）,12300076,12300076,TRUE,2,4,1,0,10,[110],"[14101012,14101052]",1,"[12300076,10,500]"
,12900077,129000771,菖蒲,129000772,收集10个可以合成菖蒲（防御类）,12300077,12300077,TRUE,3,4,1,0,10,[110],[14101030],1,"[12300077,10,500]"
,12900078,129000781,舜樱,129000782,收集10个可以合成舜樱（防御类）,12300078,12300078,TRUE,3,4,1,0,10,[110],"[14101015,14101055]",1,"[12300078,10,500]"
,12900079,129000791,椿鬼,129000792,收集10个可以合成椿鬼（攻击类）,12300079,12300079,TRUE,4,4,1,0,10,"[30,32]","[14101006,14101012,14101038,14101044]",1,"[12300079,10,1500]"
,12900080,129000801,黑崎一护<水着>,129000802,收集10个可以合成黑崎一护[水着],12300080,12300080,TRUE,0,4,1,0,10,[],,1,"[12300080,10,0]"
,12900081,129000811,朽木白哉<水着>,129000812,收集10个可以合成朽木白哉[水着],12300081,12300081,TRUE,0,4,1,0,10,[],,1,"[12300081,10,0]"
,12900082,129000821,日番谷冬狮郎<水着>,129000822,收集10个可以合成日番谷冬狮郎[水着],12300082,12300082,TRUE,0,4,1,0,10,[],,1,"[12300082,10,0]"
,12900083,129000831,松本乱菊<水着>,129000832,收集10个可以合成松本乱菊[水着],12300083,12300083,TRUE,0,4,1,0,10,[],,1,"[12300083,10,0]"
,12900084,129000841,井上织姬<水着>,129000842,收集10个可以合成井上织姬[水着],12300084,12300084,TRUE,0,4,1,0,10,[],,1,"[12300084,10,0]"
,12900085,129000851,朽木露琪亚<水着>,129000852,收集10个可以合成朽木露琪亚[水着],12300085,12300085,TRUE,0,4,1,0,10,[],,1,"[12300085,10,0]"
,12900086,129000861,四枫院夜一<水着>,129000862,收集10个可以合成四枫院夜一[水着],12300086,12300086,TRUE,0,4,1,0,10,[],,1,"[12300086,10,0]"
,12900087,129000871,阿散井恋次<水着>,129000872,收集10个可以合成阿散井恋次[水着],12300087,12300087,TRUE,0,4,1,0,10,[],,1,"[12300087,10,0]"
,12900088,129000881,黑崎一护<完全虚化>,129000882,收集10个可以合成黑崎一护[完全虚化]（攻击类）,12300088,12300088,TRUE,0,4,1,0,10,[],,1,"[12300088,10,0]"
,12900089,129000891,黑崎一护<无月>,129000892,收集10个可以合成黑崎一护[无月]（攻击类）,12300089,12300089,TRUE,0,4,1,0,10,[],,1,"[12300089,10,0]"
,12900090,129000901,井上织姬<破面>,129000902,收集10个可以合成井上织姬[破面]（防御类）,12300090,12300090,TRUE,0,4,1,0,10,[],,1,"[12300090,10,0]"
,12900091,129000911,茶渡泰虎<觉醒>,129000912,收集10个可以合成茶渡泰虎[觉醒]（攻击类）,12300091,12300091,TRUE,0,4,1,0,10,[],,1,"[12300091,10,0]"
,12900092,129000921,石田雨龙<终灭>,129000922,收集10个可以合成石田雨龙[终灭]（防御类）,12300092,12300092,TRUE,0,4,1,0,10,[],,1,"[12300092,10,0]"
,12900093,129000931,石田雨龙<银岭弧雀>,129000932,收集10个可以合成石田雨龙[银岭弧雀],12300093,12300093,TRUE,0,4,1,0,10,[],,1,"[12300093,10,0]"
,12900094,129000941,碎蜂<卍解>,129000942,收集10个可以合成碎蜂[卍解]（防御类）,12300094,12300094,TRUE,0,4,1,0,10,[],,1,"[12300094,10,0]"
,12900095,129000951,市丸银<卍解>,129000952,收集10个可以合成市丸银[卍解]（攻击类）,12300095,12300095,TRUE,0,4,1,0,10,[],,1,"[12300095,10,0]"
,12900096,129000961,蓝染惣右介<崩玉>,129000962,收集10个可以合成蓝染惣右介[崩玉]（防御类）,12300096,12300096,TRUE,0,4,1,0,10,[],,1,"[12300096,10,0]"
,12900097,129000971,东仙要<破面>,129000972,收集10个可以合成东仙要[破面]（防御类）,12300097,12300097,TRUE,0,4,1,0,10,[],,1,"[12300097,10,0]"
,12900098,129000981,东仙要<虚化>,129000982,收集10个可以合成东仙要[虚化]（防御类）,12300098,12300098,TRUE,0,4,1,0,10,[],,1,"[12300098,10,0]"
,12900099,129000991,斑目一角<卍解>,129000992,收集10个可以合成斑目一角[卍解]（攻击类）,12300099,12300099,TRUE,0,4,1,0,10,[],,1,"[12300099,10,0]"
,12900100,129001001,平子真子,129001002,收集10个可以合成平子真子,12300100,12300100,TRUE,0,4,1,0,10,[],,1,"[12300100,10,0]"
,12900101,129001011,平子真子<死神>,129001012,收集10个可以合成平子真子[死神],12300101,12300101,TRUE,0,4,1,0,10,[],,1,"[12300101,10,0]"
,12900102,129001021,平子真子<虚化>,129001022,收集10个可以合成平子真子[虚化],12300102,12300102,TRUE,0,4,1,0,10,[],,1,"[12300102,10,0]"
,12900103,129001031,猿柿日世里,129001032,收集10个可以合成猿柿日世里,12300103,12300103,TRUE,0,4,1,0,10,[],,1,"[12300103,10,0]"
,12900104,129001041,猿柿日世里<死神>,129001042,收集10个可以合成猿柿日世里[死神],12300104,12300104,TRUE,0,4,1,0,10,[],,1,"[12300104,10,0]"
,12900105,129001051,猿柿日世里<虚化>,129001052,收集10个可以合成猿柿日世里[虚化],12300105,12300105,TRUE,0,4,1,0,10,[],,1,"[12300105,10,0]"
,12900106,129001061,爱川罗武,129001062,收集10个可以合成爱川罗武,12300106,12300106,TRUE,0,4,1,0,10,[],,1,"[12300106,10,0]"
,12900107,129001071,爱川罗武<死神>,129001072,收集10个可以合成爱川罗武[死神],12300107,12300107,TRUE,0,4,1,0,10,[],,1,"[12300107,10,0]"
,12900108,129001081,爱川罗武<虚化>,129001082,收集10个可以合成爱川罗武[虚化],12300108,12300108,TRUE,0,4,1,0,10,[],,1,"[12300108,10,0]"
,12900109,129001091,凤桥楼十郎,129001092,收集10个可以合成凤桥楼十郎,12300109,12300109,TRUE,0,4,1,0,10,[],,1,"[12300109,10,0]"
,12900110,129001101,凤桥楼十郎<死神>,129001102,收集10个可以合成凤桥楼十郎[死神],12300110,12300110,TRUE,0,4,1,0,10,[],,1,"[12300110,10,0]"
,12900111,129001111,凤桥楼十郎<虚化>,129001112,收集10个可以合成凤桥楼十郎[虚化],12300111,12300111,TRUE,0,4,1,0,10,[],,1,"[12300111,10,0]"
,12900112,129001121,矢眮丸莉莎,129001122,收集10个可以合成矢眮丸莉莎,12300112,12300112,TRUE,0,4,1,0,10,[],,1,"[12300112,10,0]"
,12900113,129001131,矢眮丸莉莎<死神>,129001132,收集10个可以合成矢眮丸莉莎[死神],12300113,12300113,TRUE,0,4,1,0,10,[],,1,"[12300113,10,0]"
,12900114,129001141,矢眮丸莉莎<虚化>,129001142,收集10个可以合成矢眮丸莉莎[虚化],12300114,12300114,TRUE,0,4,1,0,10,[],,1,"[12300114,10,0]"
,12900115,129001151,有昭田钵玄,129001152,收集10个可以合成有昭田钵玄,12300115,12300115,TRUE,0,4,1,0,10,[],,1,"[12300115,10,0]"
,12900116,129001161,有昭田钵玄<死神>,129001162,收集10个可以合成有昭田钵玄[死神],12300116,12300116,TRUE,0,4,1,0,10,[],,1,"[12300116,10,0]"
,12900117,129001171,有昭田钵玄<虚化>,129001172,收集10个可以合成有昭田钵玄[虚化],12300117,12300117,TRUE,0,4,1,0,10,[],,1,"[12300117,10,0]"
,12900118,129001181,六车拳西,129001182,收集10个可以合成六车拳西,12300118,12300118,TRUE,0,4,1,0,10,[],,1,"[12300118,10,0]"
,12900119,129001191,六车拳西<死神>,129001192,收集10个可以合成六车拳西[死神],12300119,12300119,TRUE,0,4,1,0,10,[],,1,"[12300119,10,0]"
,12900120,129001201,六车拳西<虚化>,129001202,收集10个可以合成六车拳西[虚化],12300120,12300120,TRUE,0,4,1,0,10,[],,1,"[12300120,10,0]"
,12900121,129001211,久南白,129001212,收集10个可以合成久南白,12300121,12300121,TRUE,0,4,1,0,10,[],,1,"[12300121,10,0]"
,12900122,129001221,久南白<死神>,129001222,收集10个可以合成久南白[死神],12300122,12300122,TRUE,0,4,1,0,10,[],,1,"[12300122,10,0]"
,12900123,129001231,久南白<虚化>,129001232,收集10个可以合成久南白[虚化],12300123,12300123,TRUE,0,4,1,0,10,[],,1,"[12300123,10,0]"
,12900124,129001241,史塔克,129001242,收集10个可以合成史塔克,12300124,12300124,TRUE,0,4,1,0,10,[],,1,"[12300124,10,0]"
,12900125,129001251,史塔克<归刃>,129001252,收集10个可以合成史塔克[归刃],12300125,12300125,TRUE,0,4,1,0,10,[],,1,"[12300125,10,0]"
,12900126,129001261,拜勒岗,129001262,收集10个可以合成拜勒岗,12300126,12300126,TRUE,0,4,1,0,10,[],,1,"[12300126,10,0]"
,12900127,129001271,拜勒岗<归刃>,129001272,收集10个可以合成拜勒岗[归刃],12300127,12300127,TRUE,0,4,1,0,10,[],,1,"[12300127,10,0]"
,12900128,129001281,赫丽贝尔,129001282,收集10个可以合成赫丽贝尔,12300128,12300128,TRUE,0,4,1,0,10,[],,1,"[12300128,10,0]"
,12900129,129001291,赫丽贝尔<归刃>,129001292,收集10个可以合成赫丽贝尔[归刃],12300129,12300129,TRUE,0,4,1,0,10,[],,1,"[12300129,10,0]"
,12900130,129001301,乌尔奇奥拉,129001302,收集10个可以合成乌尔奇奥拉,12300130,12300130,TRUE,0,4,1,0,10,[],,1,"[12300130,10,0]"
,12900131,129001311,乌尔奇奥拉<归刃>,129001312,收集10个可以合成乌尔奇奥拉[归刃],12300131,12300131,TRUE,0,4,1,0,10,[],,1,"[12300131,10,0]"
,12900132,129001321,乌尔奇奥拉<归刃2>,129001322,收集10个可以合成乌尔奇奥拉[归刃2],12300132,12300132,TRUE,0,4,1,0,10,[],,1,"[12300132,10,0]"
,12900133,129001331,诺伊特拉,129001332,收集10个可以合成诺伊特拉,12300133,12300133,TRUE,0,4,1,0,10,[],,1,"[12300133,10,0]"
,12900134,129001341,诺伊特拉<归刃>,129001342,收集10个可以合成诺伊特拉[归刃],12300134,12300134,TRUE,0,4,1,0,10,[],,1,"[12300134,10,0]"
,12900135,129001351,葛力姆乔,129001352,收集10个可以合成葛力姆乔,12300135,12300135,TRUE,0,4,1,0,10,[],,1,"[12300135,10,0]"
,12900136,129001361,葛力姆乔<归刃>,129001362,收集10个可以合成葛力姆乔[归刃],12300136,12300136,TRUE,0,4,1,0,10,[],,1,"[12300136,10,0]"
,12900137,129001371,佐马利,129001372,收集10个可以合成佐马利,12300137,12300137,TRUE,0,4,1,0,10,[],,1,"[12300137,10,0]"
,12900138,129001381,佐马利<归刃>,129001382,收集10个可以合成佐马利[归刃],12300138,12300138,TRUE,0,4,1,0,10,[],,1,"[12300138,10,0]"
,12900139,129001391,萨尔阿波罗,129001392,收集10个可以合成萨尔阿波罗,12300139,12300139,TRUE,0,4,1,0,10,[],,1,"[12300139,10,0]"
,12900140,129001401,萨尔阿波罗<归刃>,129001402,收集10个可以合成萨尔阿波罗[归刃],12300140,12300140,TRUE,0,4,1,0,10,[],,1,"[12300140,10,0]"
,12900141,129001411,亚罗尼洛,129001412,收集10个可以合成亚罗尼洛,12300141,12300141,TRUE,0,4,1,0,10,[],,1,"[12300141,10,0]"
,12900142,129001421,亚罗尼洛<归刃>,129001422,收集10个可以合成亚罗尼洛[归刃],12300142,12300142,TRUE,0,4,1,0,10,[],,1,"[12300142,10,0]"
,12900143,129001431,牙密,129001432,收集10个可以合成牙密,12300143,12300143,TRUE,0,4,1,0,10,[],,1,"[12300143,10,0]"
,12900144,129001441,牙密<归刃>,129001442,收集10个可以合成牙密[归刃],12300144,12300144,TRUE,0,4,1,0,10,[],,1,"[12300144,10,0]"
,12900145,129001451,妮莉艾露,129001452,收集10个可以合成妮莉艾露,12300145,12300145,TRUE,0,4,1,0,10,[],,1,"[12300145,10,0]"
,12900146,129001461,妮莉艾露<归刃>,129001462,收集10个可以合成妮莉艾露[归刃],12300146,12300146,TRUE,0,4,1,0,10,[],,1,"[12300146,10,0]"
,12900147,129001471,露比,129001472,收集10个可以合成露比,12300147,12300147,TRUE,0,4,1,0,10,[],,1,"[12300147,10,0]"
,12900148,129001481,露比<归刃>,129001482,收集10个可以合成露比[归刃],12300148,12300148,TRUE,0,4,1,0,10,[],,1,"[12300148,10,0]"
,12900149,129001491,多鲁多尼,129001492,收集10个可以合成多鲁多尼,12300149,12300149,TRUE,0,4,1,0,10,[],,1,"[12300149,10,0]"
,12900150,129001501,缇鲁蒂,129001502,收集10个可以合成缇鲁蒂,12300150,12300150,TRUE,0,4,1,0,10,[],,1,"[12300150,10,0]"
,12900151,129001511,刚腾拜恩,129001512,收集10个可以合成刚腾拜恩,12300151,12300151,TRUE,0,4,1,0,10,[],,1,"[12300151,10,0]"
,12900152,129001521,莉莉妮特,129001522,收集10个可以合成莉莉妮特,12300152,12300152,TRUE,0,4,1,0,10,[],,1,"[12300152,10,0]"
,12900153,129001531,夏洛特,129001532,收集10个可以合成夏洛特,12300153,12300153,TRUE,0,4,1,0,10,[],,1,"[12300153,10,0]"
,12900154,129001541,阿比拉玛,129001542,收集10个可以合成阿比拉玛,12300154,12300154,TRUE,0,4,1,0,10,[],,1,"[12300154,10,0]"
,12900155,129001551,芬朵尔,129001552,收集10个可以合成芬朵尔,12300155,12300155,TRUE,0,4,1,0,10,[],,1,"[12300155,10,0]"
,12900156,129001561,奇农,129001562,收集10个可以合成奇农,12300156,12300156,TRUE,0,4,1,0,10,[],,1,"[12300156,10,0]"
,12900157,129001571,吉欧,129001572,收集10个可以合成吉欧,12300157,12300157,TRUE,0,4,1,0,10,[],,1,"[12300157,10,0]"
,12900158,129001581,尼尔格,129001582,收集10个可以合成尼尔格,12300158,12300158,TRUE,0,4,1,0,10,[],,1,"[12300158,10,0]"
,12900159,129001591,阿帕契,129001592,收集10个可以合成阿帕契,12300159,12300159,TRUE,0,4,1,0,10,[],,1,"[12300159,10,0]"
,12900160,129001601,米菈,129001602,收集10个可以合成米菈,12300160,12300160,TRUE,0,4,1,0,10,[],,1,"[12300160,10,0]"
,12900161,129001611,荪荪,129001612,收集10个可以合成荪荪,12300161,12300161,TRUE,0,4,1,0,10,[],,1,"[12300161,10,0]"
,12900162,129001621,犽翁,129001622,收集10个可以合成犽翁,12300162,12300162,TRUE,0,4,1,0,10,[],,1,"[12300162,10,0]"
,12900163,129001631,沛薛,129001632,收集10个可以合成沛薛,12300163,12300163,TRUE,0,4,1,0,10,[],,1,"[12300163,10,0]"
,12900164,129001641,咚德恰卡,129001642,收集10个可以合成咚德恰卡,12300164,12300164,TRUE,0,4,1,0,10,[],,1,"[12300164,10,0]"
,12900165,129001651,戴斯乐,129001652,收集10个可以合成戴斯乐,12300165,12300165,TRUE,0,4,1,0,10,[],,1,"[12300165,10,0]"
,12900166,129001661,萧隆,129001662,收集10个可以合成萧隆,12300166,12300166,TRUE,0,4,1,0,10,[],,1,"[12300166,10,0]"
,12900167,129001671,艾多拉德,129001672,收集10个可以合成艾多拉德,12300167,12300167,TRUE,0,4,1,0,10,[],,1,"[12300167,10,0]"
,12900168,129001681,纳奇姆,129001682,收集10个可以合成纳奇姆,12300168,12300168,TRUE,0,4,1,0,10,[],,1,"[12300168,10,0]"
,12900169,129001691,伊尔弗特,129001692,收集10个可以合成伊尔弗特,12300169,12300169,TRUE,0,4,1,0,10,[],,1,"[12300169,10,0]"
,12900170,129001701,迪罗伊,129001702,收集10个可以合成迪罗伊,12300170,12300170,TRUE,0,4,1,0,10,[],,1,"[12300170,10,0]"
,12900171,129001711,卢米纳,129001712,收集10个可以合成卢米纳,12300171,12300171,TRUE,0,4,1,0,10,[],,1,"[12300171,10,0]"
,12900172,129001721,贝罗纳,129001722,收集10个可以合成贝罗纳,12300172,12300172,TRUE,0,4,1,0,10,[],,1,"[12300172,10,0]"
,12900173,129001731,梅达赛皮,129001732,收集10个可以合成梅达赛皮,12300173,12300173,TRUE,0,4,1,0,10,[],,1,"[12300173,10,0]"
,12900174,129001741,汪达怀斯,129001742,收集10个可以合成汪达怀斯,12300174,12300174,TRUE,0,4,1,0,10,[],,1,"[12300174,10,0]"
,12900175,129001751,汪达怀斯<归刃>,129001752,收集10个可以合成汪达怀斯[归刃],12300175,12300175,TRUE,0,4,1,0,10,[],,1,"[12300175,10,0]"
,12900176,129001761,黑崎一护<完现术>,129001762,收集10个可以合成黑崎一护[完现术],12300176,12300176,TRUE,0,4,1,0,10,[],,1,"[12300176,10,0]"
,12900177,129001771,银城空吾<完现术>,129001772,收集10个可以合成银城空吾[完现术],12300177,12300177,TRUE,0,4,1,0,10,[],,1,"[12300177,10,0]"
,12900178,129001781,银城空吾<卍解>,129001782,收集10个可以合成银城空吾[卍解],12300178,12300178,TRUE,0,4,1,0,10,[],,1,"[12300178,10,0]"
,12900179,129001791,莉鲁卡,129001792,收集10个可以合成莉鲁卡,12300179,12300179,TRUE,0,4,1,0,10,[],,1,"[12300179,10,0]"
,12900180,129001801,莉露卡<完现术>,129001802,收集10个可以合成莉露卡[完现术],12300180,12300180,TRUE,0,4,1,0,10,[],,1,"[12300180,10,0]"
,12900181,129001811,沓泽,129001812,收集10个可以合成沓泽,12300181,12300181,TRUE,0,4,1,0,10,[],,1,"[12300181,10,0]"
,12900182,129001821,沓泽<完现术>,129001822,收集10个可以合成沓泽[完现术],12300182,12300182,TRUE,0,4,1,0,10,[],,1,"[12300182,10,0]"
,12900183,129001831,雪绪,129001832,收集10个可以合成雪绪,12300183,12300183,TRUE,0,4,1,0,10,[],,1,"[12300183,10,0]"
,12900184,129001841,雪绪<完现术>,129001842,收集10个可以合成雪绪[完现术],12300184,12300184,TRUE,0,4,1,0,10,[],,1,"[12300184,10,0]"
,12900185,129001851,贾琪·特雷斯坦,129001852,收集10个可以合成杰克特里斯坦,12300185,12300185,TRUE,0,4,1,0,10,[],,1,"[12300185,10,0]"
,12900186,129001861,贾琪·特雷斯坦<完现术>,129001862,收集10个可以合成杰克特里斯坦[完现术],12300186,12300186,TRUE,0,4,1,0,10,[],,1,"[12300186,10,0]"
,12900187,129001871,月岛秀九郎,129001872,收集10个可以合成月岛秀九郎,12300187,12300187,TRUE,0,4,1,0,10,[],,1,"[12300187,10,0]"
,12900188,129001881,月岛秀九郎<完现术>,129001882,收集10个可以合成月岛秀九郎[完现术],12300188,12300188,TRUE,0,4,1,0,10,[],,1,"[12300188,10,0]"
,12900189,129001891,狮子河原,129001892,收集10个可以合成狮子河原,12300189,12300189,TRUE,0,4,1,0,10,[],,1,"[12300189,10,0]"
,12900190,129001901,狮子河原<完现术>,129001902,收集10个可以合成狮子河原[完现术],12300190,12300190,TRUE,0,4,1,0,10,[],,1,"[12300190,10,0]"
,12900191,129001911,一贯坂慈楼坊,129001912,收集11个可以合成一贯坂慈楼坊,12300191,12300191,TRUE,0,4,1,0,10,[],,,"[12300191,10,0]"
,12901001,129010011,攻击义魂丸<小>,129010012,收集10个可以合成攻击义魂丸[小],12301001,12301001,TRUE,1,4,1,0,10,[110],,1,"[12301001,10,500]"
,12901002,129010021,防御义魂丸<小>,129010022,收集10个可以合成防御义魂丸[小],12301002,12301002,TRUE,1,4,1,0,10,[110],,1,"[12301002,10,500]"
,12901003,129010031,增强义魂丸<小>,129010032,收集10个可以合成增强义魂丸[小],12301003,12301003,TRUE,1,4,1,0,10,[110],,1,"[12301003,10,500]"
,12901004,129010041,攻击义魂丸<中>,129010042,收集10个可以合成攻击义魂丸[中],12301004,12301004,TRUE,1,4,1,0,10,[110],,1,"[12301004,10,500]"
,12901005,129010051,防御义魂丸<中>,129010052,收集10个可以合成防御义魂丸[中],12301005,12301005,TRUE,1,4,1,0,10,[110],,1,"[12301005,10,500]"
,12901006,129010061,增强义魂丸<中>,129010062,收集10个可以合成增强义魂丸[中],12301006,12301006,TRUE,1,4,1,0,10,[110],,1,"[12301006,10,500]"
,12901007,129010071,攻击义魂丸<大>,129010072,收集10个可以合成攻击义魂丸[大],12301007,12301007,TRUE,1,4,1,0,10,[110],,1,"[12301007,10,500]"
,12901008,129010081,防御义魂丸<大>,129010082,收集10个可以合成防御义魂丸[大],12301008,12301008,TRUE,1,4,1,0,10,[110],,1,"[12301008,10,500]"
,12901009,129010091,增强义魂丸<大>,129010092,收集10个可以合成增强义魂丸[大],12301009,12301009,TRUE,1,4,1,0,10,[110],,1,"[12301009,10,500]"
,12901010,129010101,攻击义魂丸<超>,129010102,收集10个可以合成攻击义魂丸[超],12301010,12301010,TRUE,1,4,1,0,10,[],,1,"[12301010,10,500]"
,12901011,129010111,防御义魂丸<超>,129010112,收集10个可以合成防御义魂丸[超],12301011,12301011,TRUE,1,4,1,0,10,[],,1,"[12301011,10,500]"
,12901012,129010121,增强义魂丸<超>,129010122,收集10个可以合成增强义魂丸[超],12301012,12301012,TRUE,1,4,1,0,10,[],,1,"[12301012,10,500]"
,12500001,125000011,内部全刀礼包,125000012,打开后获得部分斩魄刀碎片。,,12500001,TRUE,3,1,1,0,10,,,3,[16204001]
,12500002,125000021,内部测试礼包,125000022,感谢参与内部测试~,,12500002,TRUE,4,1,1,0,10,,,3,[16204002]
,12500003,125000031,内部钻石宝箱,125000032,打开后获得大量钻石,,12500003,TRUE,4,1,1,0,10,,,3,[16204003]
,12500004,125000041,内部体力药剂,125000042,使用后增加50点体力,,12500004,TRUE,3,1,1,0,10,,,3,[16204004]
,12500005,125000051,内部义魂丸礼包,125000052,使用后随机获得一个义魂丸,,12500005,TRUE,3,1,1,0,10,,,3,[16204005]
,12500006,125000061,钱袋,125000062,不知道谁在袋子里装了好多金币，使用后可以获得10000金币。,,12500006,TRUE,3,1,1,0,10,,,3,[16204006]
,12500007,125000071,初级升阶精魄包,125000072,使用后随机获得一或二阶灵魂升阶材料1个。,,12500007,TRUE,3,1,1,0,10,,,3,[16204007]
,12500008,125000081,中级升阶精魄包,125000082,使用后随机获得三或四阶灵魂升阶材料1个。,,12500008,TRUE,4,1,1,0,10,,,3,[16204008]
,12500009,125000091,高级升级精魄包,125000092,使用后随机获得五或六阶灵魂升阶材料1个。,,12500009,TRUE,5,1,1,0,10,,,3,[16204009]
,12500010,125000101,三明治,125000102,使用后体力增加20点。,,12500010,TRUE,3,1,1,0,10,,,3,[16204010]
,12500011,125000111,爱心便当,125000112,使用后体力增加60点。,,12500011,TRUE,4,1,1,0,10,,,3,[16204011]
,12500012,125000121,灵络,125000122,使用后获得随机斩魄刀碎片一个。,,12500012,TRUE,5,1,1,0,10,,,3,[16204012]
,12500013,125000131,灵魂之羁,125000132,使用后获得随机紫色灵魂碎片一个。,,12500013,TRUE,4,1,1,0,10,,,3,[16204013]
,12500014,125000141,钱袋,125000142,使用后获得500金币。,,12500014,TRUE,2,1,1,0,10,,,3,[16204014]
,12500015,125000151,钱袋<中>,125000152,使用后获得1000金币。,,12500015,TRUE,3,1,1,0,10,,,3,[16204015]
,12500016,125000161,钱袋<大>,125000162,使用后获得2000金币。,,12500016,TRUE,4,1,1,0,10,,,3,[16204016]
,12500017,125000171,钱袋<超>,125000172,使用后获得5000金币。,,12500017,TRUE,4,1,1,0,10,,,3,[16204017]
,12500018,125000181,钱箱,125000182,使用后获得10000金币。,,12500018,TRUE,4,1,1,0,10,,,3,[16204018]
,12500019,125000191,钱箱<大>,125000192,使用后获得20000金币。,,12500019,TRUE,4,1,1,0,10,,,3,[16204019]
,12500020,125000201,钱箱<超>,125000202,使用后获得50000金币。,,12500020,TRUE,5,1,1,0,10,,,3,[16204020]
,12500021,125000211,钱箱<极>,125000212,使用后获得100000金币。,,12500021,TRUE,5,1,1,0,10,,,3,[16204021]
,12500022,125000221,灵子丸,125000222,使用后获得500灵子。,,12500022,TRUE,2,1,1,0,10,,,3,[16204022]
,12500023,125000231,灵子丸<中>,125000232,使用后获得1000灵子。,,12500023,TRUE,3,1,1,0,10,,,3,[16204023]
,12500024,125000241,灵子丸<大>,125000242,使用后获得2000灵子。,,12500024,TRUE,4,1,1,0,10,,,3,[16204024]
,12500025,125000251,灵子丸<超>,125000252,使用后获得5000灵子。,,12500025,TRUE,4,1,1,0,10,,,3,[16204025]
,12500026,125000261,灵子箱,125000262,使用后获得10000灵子。,,12500026,TRUE,4,1,1,0,10,,,3,[16204026]
,12500027,125000271,灵子箱<大>,125000272,使用后获得20000灵子。,,12500027,TRUE,4,1,1,0,10,,,3,[16204027]
,12500028,125000281,灵子箱<超>,125000282,使用后获得50000灵子。,,12500028,TRUE,5,1,1,0,10,,,3,[16204028]
,12500029,125000291,灵子箱<极>,125000292,使用后获得100000灵子。,,12500029,TRUE,5,1,1,0,10,,,3,[16204029]
,12500030,125000301,经验药水,125000302,使用后获得1000经验。,,12500030,TRUE,2,1,1,0,10,,,3,[16204030]
,12500031,125000311,经验药水<中>,125000312,使用后获得2000经验。,,12500031,TRUE,3,1,1,0,10,,,3,[16204031]
,12500032,125000321,经验药水<大>,125000322,使用后获得5000经验。,,12500032,TRUE,4,1,1,0,10,,,3,[16204032]
,12500033,125000331,经验药水<超>,125000332,使用后获得10000经验。,,12500033,TRUE,4,1,1,0,10,,,3,[16204033]
,12500034,125000341,义魂丸<小>,125000342,使用后获得100灵魂之尘。,,12500034,TRUE,2,1,1,0,10,,,3,[16204034]
,12500035,125000351,义魂丸<中>,125000352,使用后获得200灵魂之尘。,,12500035,TRUE,3,1,1,0,10,,,3,[16204035]
,12500036,125000361,义魂丸<大>,125000362,使用后获得500灵魂之尘。,,12500036,TRUE,4,1,1,0,10,,,3,[16204036]
,12500037,125000371,义魂丸<超大>,125000372,使用后获得1000灵魂之尘。,,12500037,TRUE,4,1,1,0,10,,,3,[16204037]
,12500038,125000381,一阶精魄封印,125000382,使用后获得全部一阶精魄各1个。,,12500038,TRUE,4,1,1,0,10,,,3,[16204038]
,12500039,125000391,二阶精魄封印,125000392,使用后获得全部二阶精魄各1个。,,12500039,TRUE,4,1,1,0,10,,,3,[16204039]
,12500040,125000401,三阶精魄封印,125000402,使用后获得全部三阶精魄各1个。,,12500040,TRUE,4,1,1,0,10,,,3,[16204040]
,12500041,125000411,四阶精魄封印,125000412,使用后获得全部四阶精魄各1个。,,12500041,TRUE,4,1,1,0,10,,,3,[16204041]
,12500042,125000421,五阶精魄封印,125000422,使用后获得全部五阶精魄各1个。,,12500042,TRUE,4,1,1,0,10,,,3,[16204042]
,12500043,125000431,六阶精魄封印,125000432,使用后获得全部六阶精魄各1个。,,12500043,TRUE,4,1,1,0,10,,,3,[16204043]
,12500044,125000441,七阶精魄封印,125000442,使用后获得全部七阶精魄各1个。,,12500044,TRUE,4,1,1,0,10,,,3,[16204044]
,12500045,125000451,八阶精魄封印,125000452,使用后获得全部八阶精魄各1个。,,12500045,TRUE,4,1,1,0,10,,,3,[16204045]
,12500046,125000461,九阶精魄封印,125000462,使用后获得全部九阶精魄各1个。,,12500046,TRUE,4,1,1,0,10,,,3,[16204046]
,12500047,125000471,十阶精魄封印,125000472,使用后获得全部十阶精魄各1个。,,12500047,TRUE,4,1,1,0,10,,,3,[16204047]
,12500048,125000481,十一阶精魄封印,125000482,使用后获得全部十一阶精魄各1个。,,12500048,TRUE,4,1,1,0,10,,,3,[16204048]
,12500049,125000491,十二阶精魄封印,125000492,使用后获得全部十二阶精魄各1个。,,12500049,TRUE,4,1,1,0,10,,,3,[16204049]
,12500050,125000501,十三阶精魄封印,125000502,使用后获得全部十三阶精魄各1个。,,12500050,TRUE,4,1,1,0,10,,,3,[16204050]
,12500051,125000511,十四阶精魄封印,125000512,使用后获得全部十四阶精魄各1个。,,12500051,TRUE,4,1,1,0,10,,,3,[16204051]
,12500052,125000521,十五阶精魄封印,125000522,使用后获得全部十五阶精魄各1个。,,12500052,TRUE,4,1,1,0,10,,,3,[16204052]
,12500053,125000531,灵石袋<小>,125000532,使用后获得四种小灵石各15颗。,,12500053,TRUE,4,1,1,0,10,,,3,[16204053]
,12500054,125000541,灵石袋<中>,125000542,使用后获得四种中灵石各5颗。,,12500054,TRUE,4,1,1,0,10,,,3,[16204054]
,12500055,125000551,灵石袋<大>,125000552,使用后获得四种大灵石各3颗。,,12500055,TRUE,5,1,1,0,10,,,3,[16204055]
,12500056,125000561,坑,125000562,坑,,12500056,TRUE,3,1,1,0,10,,,3,[16204056]
,12500057,125000571,坑,125000572,坑,,12500057,TRUE,3,1,1,0,10,,,3,[16204057]
,12500058,125000581,坑,125000582,坑,,12500058,TRUE,3,1,1,0,10,,,3,[16204058]
,12500059,125000591,坑,125000592,坑,,12500059,TRUE,3,1,1,0,10,,,3,[16204059]
,12500060,125000601,坑,125000602,坑,,12500060,TRUE,3,1,1,0,10,,,3,[16204060]
,12500061,125000611,坑,125000612,坑,,12500061,TRUE,3,1,1,0,10,,,3,[16204061]
,12500062,125000621,坑,125000622,坑,,12500062,TRUE,3,1,1,0,10,,,3,[16204062]
,12500063,125000631,坑,125000632,坑,,12500063,TRUE,3,1,1,0,10,,,3,[16204063]
,12500064,125000641,坑,125000642,坑,,12500064,TRUE,3,1,1,0,10,,,3,[16204064]
,12500065,125000651,坑,125000652,坑,,12500065,TRUE,3,1,1,0,10,,,3,[16204065]
,12500066,125000661,坑,125000662,坑,,12500066,TRUE,3,1,1,0,10,,,3,[16204066]
,12500067,125000671,坑,125000672,坑,,12500067,TRUE,3,1,1,0,10,,,3,[16204067]
,12500068,125000681,坑,125000682,坑,,12500068,TRUE,3,1,1,0,10,,,3,[16204068]
,12500069,125000691,坑,125000692,坑,,12500069,TRUE,4,1,1,0,10,,,3,[16204069]
,12500070,125000701,灵魂精华<小>,125000702,使用后可获得[c][F04CCB]紫色品质[-][/c]以上的灵魂碎片3-5个，有一定几率直接获得灵魂。,,12500070,TRUE,4,1,1,0,10,,,3,[16204070]
,12500071,125000711,灵魂精华<大>,125000712,使用后立即获得一个[c][F04CCB]紫色品质[-][/c]的灵魂。,,12500071,TRUE,4,1,1,0,10,,,3,[16204071]
,12500072,125000721,刀灵封印,125000722,使用后可获得[c][F04CCB]紫色品质[-][/c]以上的斩魄刀碎片3-5个，有一定几率直接获得斩魄刀。,,12500072,TRUE,5,1,1,0,10,,,3,[16204072]
,12500073,125000731,坑,125000732,坑,,12500073,TRUE,4,1,1,0,10,,,3,[16204073]
,12500074,125000741,每日资源礼包,125000742,几率开出金币*2000、金币*1000、灵子*500、灵魂之尘*100、钻石*20,12500074,12500074,TRUE,4,1,1,0,10,,,3,[16204074]
,12500075,125000751,周末助力包,125000752,几率开出三明治*3、三明治*1、扫荡券*10、扫荡券*3,12500054,12500054,TRUE,4,1,1,0,10,,,3,[16204075]
,12500076,125000761,新手期资源包,125000762,几率开出三明治*1、金币*2000、扫荡券*5,12500074,12500074,TRUE,4,1,1,0,10,,,3,[16204076]
,12500077,125000771,新人斩魄刀成长礼盒,125000772,几率开出侘助碎片*1、飞梅碎片*1、琉璃色孔雀碎片*1,12500026,12500026,TRUE,4,1,1,0,10,,,3,[16204077]
,12500078,125000781,一之战羁绊包,125000782,几率开出黑崎一护始解碎片*1、黑崎一护始解*1、斑目一角碎片*1、斑目一角*1,12500054,12500054,TRUE,4,1,1,0,10,,,3,[16204078]
,12500079,125000791,惊喜钱袋,125000792,几率开出金币*500、金币*1000、金币*2000、金币*5000,12500055,12500055,TRUE,4,1,1,0,10,,,3,[16204079]
,12500080,125000801,88资源大礼包,125000802,打开获得钻石*88、金币*8888、灵子*888、灵魂之尘*888,,12500080,TRUE,4,1,1,0,10,,,3,[16204080]
,12500081,125000811,七日冲级大礼包,125000812,打开获得三明治*10、扫荡券*50、魂之结晶*5、钻石*50,12500054,12500054,TRUE,4,1,1,0,10,,,3,[16204081]
,12500082,125000821,一阶精魄礼包,125000822,随机开出一阶精魄中任意一个,12500053,12500053,TRUE,4,1,1,0,10,,,3,[16204082]
,12500083,125000831,二阶精魄礼包,125000832,随机开出二阶精魄中任意一个,12500053,12500053,TRUE,4,1,1,0,10,,,3,[16204083]
,12500084,125000841,三阶精魄礼包,125000842,随机开出三阶精魄中任意一个,12500053,12500053,TRUE,4,1,1,0,10,,,3,[16204084]
,12500085,125000851,战斗伙伴羁绊包,125000852,几率开出井上织姬战斗碎片*1、石田雨龙灭却师*1、茶渡泰虎战斗*1,12500054,12500054,TRUE,4,1,1,0,10,,,3,[16204085]
,12500086,125000861,强力物理灵魂礼盒,125000862,几率开出狛村左阵碎片*1、桧佐木修兵碎片*1、狛村左阵*1、桧佐木修兵*1,12500054,12500054,TRUE,4,1,1,0,10,,,3,[16204086]
,12500087,125000871,灭却师灵魂礼盒,125000872,几率开出石田雨龙灭却师碎片*1、石田龙玄碎片*1、石田雨龙灭却师*1、石田龙玄*1,12500055,12500055,TRUE,4,1,1,0,10,,,3,[16204087]
,12500088,125000881,进阶向斩魄刀礼盒,125000882,几率开出风死*1、蛇尾丸*1、袖白雪*1,12500054,12500054,TRUE,4,1,1,0,10,,,3,[16204088]
,12500089,125000891,时装进阶礼盒,125000892,几率开出银条反*1、银条反*2、拳西面具*1,12500080,12500080,TRUE,4,1,1,0,10,,,3,[16204089]
,12500090,125000901,惊喜小灵石袋,125000902,几率开出小灵石中任意一个,12500053,12500053,TRUE,4,1,1,0,10,,,3,[16204090]
,12500091,125000911,六芒光牢礼盒,125000912,几率开出朽木白哉卍解碎片*1、朽木白哉卍解碎片*5、朽木白哉卍解*1,12500072,12500072,TRUE,5,1,1,0,10,,,3,[16204091]
,12500092,125000921,月牙天冲礼盒,125000922,几率开出黑崎一护卍解碎片*1、白崎一护碎片*1、斩月碎片*1、斩月碎片*5,12500080,12500080,TRUE,4,1,1,0,10,,,3,[16204092]
,12500093,125000931,限时神枪礼盒,125000932,几率开出神枪碎片*1、神枪碎片*3、神枪碎片*5,12500072,12500072,TRUE,5,1,1,0,10,,,3,[16204093]
,12500094,125000941,双鱼理礼盒,125000942,几率开出双鱼理碎片*1、浮竹十四郎碎片*1、浮竹十四郎碎片*5、双鱼理碎片*5,12500072,12500072,TRUE,5,1,1,0,10,,,3,[16204094]
,12500095,125000951,福袋,125000952,随机开出金币！最高88万金币！,12500053,12500053,TRUE,4,1,1,0,10,,,3,[16204095]
,12600001,126000011,体质灵石<小>,126000012,用于斩魄刀红色节点的解放。由勇闯尸魂界掉落。,,12600001,TRUE,2,6,1,0,10,,,,
,12600002,126000021,力量灵石<小>,126000022,用于斩魄刀黄色节点的解放。由勇闯尸魂界掉落。,,12600002,TRUE,2,6,1,0,10,,,,
,12600003,126000031,精神灵石<小>,126000032,用于斩魄刀绿色节点的解放。由勇闯尸魂界掉落。,,12600003,TRUE,2,6,1,0,10,,,,
,12600004,126000041,灵力灵石<小>,126000042,用于斩魄刀蓝色节点的解放。由勇闯尸魂界掉落。,,12600004,TRUE,2,6,1,0,10,,,,
,12600005,126000051,体质灵石<中>,126000052,用于斩魄刀红色节点的解放。由勇闯尸魂界掉落。,,12600005,TRUE,3,6,1,0,10,,,,
,12600006,126000061,力量灵石<中>,126000062,用于斩魄刀黄色节点的解放。由勇闯尸魂界掉落。,,12600006,TRUE,3,6,1,0,10,,,,
,12600007,126000071,精神灵石<中>,126000072,用于斩魄刀绿色节点的解放。由勇闯尸魂界掉落。,,12600007,TRUE,3,6,1,0,10,,,,
,12600008,126000081,灵力灵石<中>,126000082,用于斩魄刀蓝色节点的解放。由勇闯尸魂界掉落。,,12600008,TRUE,3,6,1,0,10,,,,
,12600009,126000091,体质灵石<大>,126000092,用于斩魄刀红色节点的解放。由勇闯尸魂界掉落。,,12600009,TRUE,4,6,1,0,10,,,,
,12600010,126000101,力量灵石<大>,126000102,用于斩魄刀黄色节点的解放。由勇闯尸魂界掉落。,,12600010,TRUE,4,6,1,0,10,,,,
,12600011,126000111,精神灵石<大>,126000112,用于斩魄刀绿色节点的解放。由勇闯尸魂界掉落。,,12600011,TRUE,4,6,1,0,10,,,,
,12600012,126000121,灵力灵石<大>,126000122,用于斩魄刀蓝色节点的解放。由勇闯尸魂界掉落。,,12600012,TRUE,4,6,1,0,10,,,,
,12600013,126000131,异能灵石,126000132,解放斩魄刀的帅气节点的材料。由勇闯尸魂界50关以上掉落。,,12600013,TRUE,5,6,1,0,10,,,,
,12601001,126010011,一阶凶猛精魄,126010012,用于灵魂一阶升阶的材料道具。,,12601001,TRUE,3,3,1,0,10,,[14100001],,
,12601002,126010021,一阶迅捷精魄,126010022,用于灵魂一阶升阶的材料道具。,,12601002,TRUE,3,3,1,0,10,,"[14100008,14100014]",,
,12601003,126010031,一阶坚韧精魄,126010032,用于灵魂一阶升阶的材料道具。,,12601003,TRUE,3,3,1,0,10,,[14100003],,
,12601004,126010041,一阶隐秘精魄,126010042,用于灵魂一阶升阶的材料道具。,,12601004,TRUE,3,3,1,0,10,,"[14100010,14100016]",,
,12601005,126010051,一阶英勇精魄,126010052,用于灵魂一阶升阶的材料道具。,,12601005,TRUE,3,3,1,0,10,,[14100005],,
,12601006,126010061,一阶迷幻精魄,126010062,用于灵魂一阶升阶的材料道具。,,12601006,TRUE,3,3,1,0,10,,[14100012],,
,12601007,126010071,二阶凶猛精魄,126010072,用于灵魂二阶升阶的材料道具。,,12601007,TRUE,3,3,1,0,10,,"[14100023,14100029]",,
,12601008,126010081,二阶迅捷精魄,126010082,用于灵魂二阶升阶的材料道具。,,12601008,TRUE,3,3,1,0,10,,[14100018],,
,12601009,126010091,二阶坚韧精魄,126010092,用于灵魂二阶升阶的材料道具。,,12601009,TRUE,3,3,1,0,10,,"[14100025,14100031]",,
,12601010,126010101,二阶隐秘精魄,126010102,用于灵魂二阶升阶的材料道具。,,12601010,TRUE,3,3,1,0,10,,[14100020],,
,12601011,126010111,二阶英勇精魄,126010112,用于灵魂二阶升阶的材料道具。,,12601011,TRUE,3,3,1,0,10,,"[14100027,14100033]",,
,12601012,126010121,二阶迷幻精魄,126010122,用于灵魂二阶升阶的材料道具。,,12601012,TRUE,3,3,1,0,10,,[14100022],,
,12601013,126010131,三阶凶猛精魄,126010132,用于灵魂三阶升阶的材料道具。,,12601013,TRUE,3,3,1,0,10,,"[14100041,14100047]",,
,12601014,126010141,三阶迅捷精魄,126010142,用于灵魂三阶升阶的材料道具。,,12601014,TRUE,3,3,1,0,10,,[14100036],,
,12601015,126010151,三阶坚韧精魄,126010152,用于灵魂三阶升阶的材料道具。,,12601015,TRUE,3,3,1,0,10,,"[14100043,14100049]",,
,12601016,126010161,三阶隐秘精魄,126010162,用于灵魂三阶升阶的材料道具。,,12601016,TRUE,3,3,1,0,10,,[14100038],,
,12601017,126010171,三阶英勇精魄,126010172,用于灵魂三阶升阶的材料道具。,,12601017,TRUE,3,3,1,0,10,,"[14100045,14100051]",,
,12601018,126010181,三阶迷幻精魄,126010182,用于灵魂三阶升阶的材料道具。,,12601018,TRUE,3,3,1,0,10,,[14100040],,
,12601019,126010191,四阶凶猛精魄,126010192,用于灵魂四阶升阶的材料道具。,,12601019,TRUE,3,3,1,0,10,,[14100059],,
,12601020,126010201,四阶迅捷精魄,126010202,用于灵魂四阶升阶的材料道具。,,12601020,TRUE,3,3,1,0,10,,"[14100054,14100066]",,
,12601021,126010211,四阶坚韧精魄,126010212,用于灵魂四阶升阶的材料道具。,,12601021,TRUE,3,3,1,0,10,,[14100061],,
,12601022,126010221,四阶隐秘精魄,126010222,用于灵魂四阶升阶的材料道具。,,12601022,TRUE,3,3,1,0,10,,"[14100056,14100068]",,
,12601023,126010231,四阶英勇精魄,126010232,用于灵魂四阶升阶的材料道具。,,12601023,TRUE,3,3,1,0,10,,[14100062],,
,12601024,126010241,四阶迷幻精魄,126010242,用于灵魂四阶升阶的材料道具。,,12601024,TRUE,3,3,1,0,10,,"[14100058,14100064]",,
,12601025,126010251,五阶凶猛精魄,126010252,用于灵魂五阶升阶的材料道具。,,12601025,TRUE,4,3,1,0,10,,[14100070],,
,12601026,126010261,五阶迅捷精魄,126010262,用于灵魂五阶升阶的材料道具。,,12601026,TRUE,4,3,1,0,10,,[14100071],,
,12601027,126010271,五阶坚韧精魄,126010272,用于灵魂五阶升阶的材料道具。,,12601027,TRUE,4,3,1,0,10,,[14100072],,
,12601028,126010281,五阶隐秘精魄,126010282,用于灵魂五阶升阶的材料道具。,,12601028,TRUE,4,3,1,0,10,,[14100074],,
,12601029,126010291,五阶英勇精魄,126010292,用于灵魂五阶升阶的材料道具。,,12601029,TRUE,4,3,1,0,10,,[14100076],,
,12601030,126010301,五阶迷幻精魄,126010302,用于灵魂五阶升阶的材料道具。,,12601030,TRUE,4,3,1,0,10,,[14100078],,
,12601031,126010311,六阶凶猛精魄,126010312,用于灵魂六阶升阶的材料道具。,,12601031,TRUE,4,3,1,0,10,,[14100079],,
,12601032,126010321,六阶迅捷精魄,126010322,用于灵魂六阶升阶的材料道具。,,12601032,TRUE,4,3,1,0,10,,[14100080],,
,12601033,126010331,六阶坚韧精魄,126010332,用于灵魂六阶升阶的材料道具。,,12601033,TRUE,4,3,1,0,10,,[14100081],,
,12601034,126010341,六阶隐秘精魄,126010342,用于灵魂六阶升阶的材料道具。,,12601034,TRUE,4,3,1,0,10,,[14100082],,
,12601035,126010351,六阶英勇精魄,126010352,用于灵魂六阶升阶的材料道具。,,12601035,TRUE,4,3,1,0,10,,[14100084],,
,12601036,126010361,六阶迷幻精魄,126010362,用于灵魂六阶升阶的材料道具。,,12601036,TRUE,4,3,1,0,10,,[14100086],,
,12601037,126010371,七阶凶猛精魄,126010372,用于灵魂七阶升阶的材料道具。,,12601037,TRUE,4,3,1,0,10,,[14100089],,
,12601038,126010381,七阶迅捷精魄,126010382,用于灵魂七阶升阶的材料道具。,,12601038,TRUE,4,3,1,0,10,,[14100090],,
,12601039,126010391,七阶坚韧精魄,126010392,用于灵魂七阶升阶的材料道具。,,12601039,TRUE,4,3,1,0,10,,[14100091],,
,12601040,126010401,七阶隐秘精魄,126010402,用于灵魂七阶升阶的材料道具。,,12601040,TRUE,4,3,1,0,10,,[14100092],,
,12601041,126010411,七阶英勇精魄,126010412,用于灵魂七阶升阶的材料道具。,,12601041,TRUE,4,3,1,0,10,,[14100087],,
,12601042,126010421,七阶迷幻精魄,126010422,用于灵魂七阶升阶的材料道具。,,12601042,TRUE,4,3,1,0,10,,[14100088],,
,12601043,126010431,八阶凶猛精魄,126010432,用于灵魂八阶升阶的材料道具。,,12601043,TRUE,4,3,1,0,10,,[14100096],,
,12601044,126010441,八阶迅捷精魄,126010442,用于灵魂八阶升阶的材料道具。,,12601044,TRUE,4,3,1,0,10,,[14100098],,
,12601045,126010451,八阶坚韧精魄,126010452,用于灵魂八阶升阶的材料道具。,,12601045,TRUE,4,3,1,0,10,,[14100100],,
,12601046,126010461,八阶隐秘精魄,126010462,用于灵魂八阶升阶的材料道具。,,12601046,TRUE,4,3,1,0,10,,[14100101],,
,12601047,126010471,八阶英勇精魄,126010472,用于灵魂八阶升阶的材料道具。,,12601047,TRUE,4,3,1,0,10,,[14100102],,
,12601048,126010481,八阶迷幻精魄,126010482,用于灵魂八阶升阶的材料道具。,,12601048,TRUE,4,3,1,0,10,,[14100104],,
,12601049,126010491,九阶凶猛精魄,126010492,用于灵魂九阶升阶的材料道具。,,12601049,TRUE,4,3,1,0,10,,[14100105],,
,12601050,126010501,九阶迅捷精魄,126010502,用于灵魂九阶升阶的材料道具。,,12601050,TRUE,4,3,1,0,10,,[14100106],,
,12601051,126010511,九阶坚韧精魄,126010512,用于灵魂九阶升阶的材料道具。,,12601051,TRUE,4,3,1,0,10,,[14100108],,
,12601052,126010521,九阶隐秘精魄,126010522,用于灵魂九阶升阶的材料道具。,,12601052,TRUE,4,3,1,0,10,,[14100111],,
,12601053,126010531,九阶英勇精魄,126010532,用于灵魂九阶升阶的材料道具。,,12601053,TRUE,4,3,1,0,10,,[14100109],,
,12601054,126010541,九阶迷幻精魄,126010542,用于灵魂九阶升阶的材料道具。,,12601054,TRUE,4,3,1,0,10,,[14100113],,
,12601055,126010551,十阶凶猛精魄,126010552,用于灵魂十阶升阶的材料道具。,,12601055,TRUE,4,3,1,0,10,,[14100114],,
,12601056,126010561,十阶迅捷精魄,126010562,用于灵魂十阶升阶的材料道具。,,12601056,TRUE,4,3,1,0,10,,[14100115],,
,12601057,126010571,十阶坚韧精魄,126010572,用于灵魂十阶升阶的材料道具。,,12601057,TRUE,4,3,1,0,10,,[14100116],,
,12601058,126010581,十阶隐秘精魄,126010582,用于灵魂十阶升阶的材料道具。,,12601058,TRUE,4,3,1,0,10,,[14100118],,
,12601059,126010591,十阶英勇精魄,126010592,用于灵魂十阶升阶的材料道具。,,12601059,TRUE,4,3,1,0,10,,[14100120],,
,12601060,126010601,十阶迷幻精魄,126010602,用于灵魂十阶升阶的材料道具。,,12601060,TRUE,4,3,1,0,10,,[14100122],,
,12601061,126010611,十一阶凶猛精魄,126010612,用于灵魂十一阶升阶的材料道具。,,12601061,TRUE,4,3,1,0,10,,,,
,12601062,126010621,十一阶迅捷精魄,126010622,用于灵魂十一阶升阶的材料道具。,,12601062,TRUE,4,3,1,0,10,,,,
,12601063,126010631,十一阶坚韧精魄,126010632,用于灵魂十一阶升阶的材料道具。,,12601063,TRUE,4,3,1,0,10,,,,
,12601064,126010641,十一阶隐秘精魄,126010642,用于灵魂十一阶升阶的材料道具。,,12601064,TRUE,4,3,1,0,10,,,,
,12601065,126010651,十一阶英勇精魄,126010652,用于灵魂十一阶升阶的材料道具。,,12601065,TRUE,4,3,1,0,10,,,,
,12601066,126010661,十一阶迷幻精魄,126010662,用于灵魂十一阶升阶的材料道具。,,12601066,TRUE,4,3,1,0,10,,,,
,12601067,126010671,十二阶凶猛精魄,126010672,用于灵魂十二阶升阶的材料道具。,,12601067,TRUE,4,3,1,0,10,,,,
,12601068,126010681,十二阶迅捷精魄,126010682,用于灵魂十二阶升阶的材料道具。,,12601068,TRUE,4,3,1,0,10,,,,
,12601069,126010691,十二阶坚韧精魄,126010692,用于灵魂十二阶升阶的材料道具。,,12601069,TRUE,4,3,1,0,10,,,,
,12601070,126010701,十二阶隐秘精魄,126010702,用于灵魂十二阶升阶的材料道具。,,12601070,TRUE,4,3,1,0,10,,,,
,12601071,126010711,十二阶英勇精魄,126010712,用于灵魂十二阶升阶的材料道具。,,12601071,TRUE,4,3,1,0,10,,,,
,12601072,126010721,十二阶迷幻精魄,126010722,用于灵魂十二阶升阶的材料道具。,,12601072,TRUE,4,3,1,0,10,,,,
,12601073,126010731,十三阶凶猛精魄,126010732,用于灵魂十三阶升阶的材料道具。,,12601073,TRUE,4,3,1,0,10,,,,
,12601074,126010741,十三阶迅捷精魄,126010742,用于灵魂十三阶升阶的材料道具。,,12601074,TRUE,4,3,1,0,10,,,,
,12601075,126010751,十三阶坚韧精魄,126010752,用于灵魂十三阶升阶的材料道具。,,12601075,TRUE,4,3,1,0,10,,,,
,12601076,126010761,十三阶隐秘精魄,126010762,用于灵魂十三阶升阶的材料道具。,,12601076,TRUE,4,3,1,0,10,,,,
,12601077,126010771,十三阶英勇精魄,126010772,用于灵魂十三阶升阶的材料道具。,,12601077,TRUE,4,3,1,0,10,,,,
,12601078,126010781,十三阶迷幻精魄,126010782,用于灵魂十三阶升阶的材料道具。,,12601078,TRUE,4,3,1,0,10,,,,
,12601079,126010791,十四阶凶猛精魄,126010792,用于灵魂十四阶升阶的材料道具。,,12601079,TRUE,4,3,1,0,10,,,,
,12601080,126010801,十四阶迅捷精魄,126010802,用于灵魂十四阶升阶的材料道具。,,12601080,TRUE,4,3,1,0,10,,,,
,12601081,126010811,十四阶坚韧精魄,126010812,用于灵魂十四阶升阶的材料道具。,,12601081,TRUE,4,3,1,0,10,,,,
,12601082,126010821,十四阶隐秘精魄,126010822,用于灵魂十四阶升阶的材料道具。,,12601082,TRUE,4,3,1,0,10,,,,
,12601083,126010831,十四阶英勇精魄,126010832,用于灵魂十四阶升阶的材料道具。,,12601083,TRUE,4,3,1,0,10,,,,
,12601084,126010841,十四阶迷幻精魄,126010842,用于灵魂十四阶升阶的材料道具。,,12601084,TRUE,4,3,1,0,10,,,,
,12601085,126010851,十五阶凶猛精魄,126010852,用于灵魂十五阶升阶的材料道具。,,12601085,TRUE,4,3,1,0,10,,,,
,12601086,126010861,十五阶迅捷精魄,126010862,用于灵魂十五阶升阶的材料道具。,,12601086,TRUE,4,3,1,0,10,,,,
,12601087,126010871,十五阶坚韧精魄,126010872,用于灵魂十五阶升阶的材料道具。,,12601087,TRUE,4,3,1,0,10,,,,
,12601088,126010881,十五阶隐秘精魄,126010882,用于灵魂十五阶升阶的材料道具。,,12601088,TRUE,4,3,1,0,10,,,,
,12601089,126010891,十五阶英勇精魄,126010892,用于灵魂十五阶升阶的材料道具。,,12601089,TRUE,4,3,1,0,10,,,,
,12601090,126010901,十五阶迷幻精魄,126010902,用于灵魂十五阶升阶的材料道具。,,12601090,TRUE,4,3,1,0,10,,,,
,12602001,126020011,一阶凶猛碎片,126020012,10个碎片可以合成1个一阶凶猛精魄，可用于灵魂升阶。,12601001,12601001,TRUE,3,5,1,0,10,,,4,"[12601001,10,1000]"
,12602002,126020021,一阶迅捷碎片,126020022,10个碎片可以合成1个一阶迅捷精魄，可用于灵魂升阶。,12601002,12601002,TRUE,3,5,1,0,10,,,4,"[12601002,10,1000]"
,12602003,126020031,一阶坚韧碎片,126020032,10个碎片可以合成1个一阶坚韧精魄，可用于灵魂升阶。,12601003,12601003,TRUE,3,5,1,0,10,,,4,"[12601003,10,1000]"
,12602004,126020041,一阶隐秘碎片,126020042,10个碎片可以合成1个一阶隐秘精魄，可用于灵魂升阶。,12601004,12601004,TRUE,3,5,1,0,10,,,4,"[12601004,10,1000]"
,12602005,126020051,一阶英勇碎片,126020052,10个碎片可以合成1个一阶英勇精魄，可用于灵魂升阶。,12601005,12601005,TRUE,3,5,1,0,10,,,4,"[12601005,10,1000]"
,12602006,126020061,一阶迷幻碎片,126020062,10个碎片可以合成1个一阶迷幻精魄，可用于灵魂升阶。,12601006,12601006,TRUE,3,5,1,0,10,,,4,"[12601006,10,1000]"
,12602007,126020071,二阶凶猛碎片,126020072,10个碎片可以合成1个二阶凶猛精魄，可用于灵魂升阶。,12601007,12601007,TRUE,3,5,1,0,10,,,4,"[12601007,10,1000]"
,12602008,126020081,二阶迅捷碎片,126020082,10个碎片可以合成1个二阶迅捷精魄，可用于灵魂升阶。,12601008,12601008,TRUE,3,5,1,0,10,,,4,"[12601008,10,1000]"
,12602009,126020091,二阶坚韧碎片,126020092,10个碎片可以合成1个二阶坚韧精魄，可用于灵魂升阶。,12601009,12601009,TRUE,3,5,1,0,10,,,4,"[12601009,10,1000]"
,12602010,126020101,二阶隐秘碎片,126020102,10个碎片可以合成1个二阶隐秘精魄，可用于灵魂升阶。,12601010,12601010,TRUE,3,5,1,0,10,,,4,"[12601010,10,1000]"
,12602011,126020111,二阶英勇碎片,126020112,10个碎片可以合成1个二阶英勇精魄，可用于灵魂升阶。,12601011,12601011,TRUE,3,5,1,0,10,,,4,"[12601011,10,1000]"
,12602012,126020121,二阶迷幻碎片,126020122,10个碎片可以合成1个二阶迷幻精魄，可用于灵魂升阶。,12601012,12601012,TRUE,3,5,1,0,10,,,4,"[12601012,10,1000]"
,12602013,126020131,三阶凶猛碎片,126020132,10个碎片可以合成1个三阶凶猛精魄，可用于灵魂升阶。,12601013,12601013,TRUE,3,5,1,0,10,,,4,"[12601013,10,1000]"
,12602014,126020141,三阶迅捷碎片,126020142,10个碎片可以合成1个三阶迅捷精魄，可用于灵魂升阶。,12601014,12601014,TRUE,3,5,1,0,10,,,4,"[12601014,10,1000]"
,12602015,126020151,三阶坚韧碎片,126020152,10个碎片可以合成1个三阶坚韧精魄，可用于灵魂升阶。,12601015,12601015,TRUE,3,5,1,0,10,,,4,"[12601015,10,1000]"
,12602016,126020161,三阶隐秘碎片,126020162,10个碎片可以合成1个三阶隐秘精魄，可用于灵魂升阶。,12601016,12601016,TRUE,3,5,1,0,10,,,4,"[12601016,10,1000]"
,12602017,126020171,三阶英勇碎片,126020172,10个碎片可以合成1个三阶英勇精魄，可用于灵魂升阶。,12601017,12601017,TRUE,3,5,1,0,10,,,4,"[12601017,10,1000]"
,12602018,126020181,三阶迷幻碎片,126020182,10个碎片可以合成1个三阶迷幻精魄，可用于灵魂升阶。,12601018,12601018,TRUE,3,5,1,0,10,,,4,"[12601018,10,1000]"
,12602019,126020191,四阶凶猛碎片,126020192,10个碎片可以合成1个四阶凶猛精魄，可用于灵魂升阶。,12601019,12601019,TRUE,3,5,1,0,10,,,4,"[12601019,10,1000]"
,12602020,126020201,四阶迅捷碎片,126020202,10个碎片可以合成1个四阶迅捷精魄，可用于灵魂升阶。,12601020,12601020,TRUE,3,5,1,0,10,,,4,"[12601020,10,1000]"
,12602021,126020211,四阶坚韧碎片,126020212,10个碎片可以合成1个四阶坚韧精魄，可用于灵魂升阶。,12601021,12601021,TRUE,3,5,1,0,10,,,4,"[12601021,10,1000]"
,12602022,126020221,四阶隐秘碎片,126020222,10个碎片可以合成1个四阶隐秘精魄，可用于灵魂升阶。,12601022,12601022,TRUE,3,5,1,0,10,,,4,"[12601022,10,1000]"
,12602023,126020231,四阶英勇碎片,126020232,10个碎片可以合成1个四阶英勇精魄，可用于灵魂升阶。,12601023,12601023,TRUE,3,5,1,0,10,,,4,"[12601023,10,1000]"
,12602024,126020241,四阶迷幻碎片,126020242,10个碎片可以合成1个四阶迷幻精魄，可用于灵魂升阶。,12601024,12601024,TRUE,3,5,1,0,10,,,4,"[12601024,10,1000]"
,12602025,126020251,五阶凶猛碎片,126020252,10个碎片可以合成1个五阶凶猛精魄，可用于灵魂升阶。,12601025,12601025,TRUE,4,5,1,0,10,,,4,"[12601025,10,1000]"
,12602026,126020261,五阶迅捷碎片,126020262,10个碎片可以合成1个五阶迅捷精魄，可用于灵魂升阶。,12601026,12601026,TRUE,4,5,1,0,10,,,4,"[12601026,10,1000]"
,12602027,126020271,五阶坚韧碎片,126020272,10个碎片可以合成1个五阶坚韧精魄，可用于灵魂升阶。,12601027,12601027,TRUE,4,5,1,0,10,,,4,"[12601027,10,1000]"
,12602028,126020281,五阶隐秘碎片,126020282,10个碎片可以合成1个五阶隐秘精魄，可用于灵魂升阶。,12601028,12601028,TRUE,4,5,1,0,10,,,4,"[12601028,10,1000]"
,12602029,126020291,五阶英勇碎片,126020292,10个碎片可以合成1个五阶英勇精魄，可用于灵魂升阶。,12601029,12601029,TRUE,4,5,1,0,10,,,4,"[12601029,10,1000]"
,12602030,126020301,五阶迷幻碎片,126020302,10个碎片可以合成1个五阶迷幻精魄，可用于灵魂升阶。,12601030,12601030,TRUE,4,5,1,0,10,,,4,"[12601030,10,1000]"
,12602031,126020311,六阶凶猛碎片,126020312,10个碎片可以合成1个六阶凶猛精魄，可用于灵魂升阶。,12601031,12601031,TRUE,4,5,1,0,10,,,4,"[12601031,10,1000]"
,12602032,126020321,六阶迅捷碎片,126020322,10个碎片可以合成1个六阶迅捷精魄，可用于灵魂升阶。,12601032,12601032,TRUE,4,5,1,0,10,,,4,"[12601032,10,1000]"
,12602033,126020331,六阶坚韧碎片,126020332,10个碎片可以合成1个六阶坚韧精魄，可用于灵魂升阶。,12601033,12601033,TRUE,4,5,1,0,10,,,4,"[12601033,10,1000]"
,12602034,126020341,六阶隐秘碎片,126020342,10个碎片可以合成1个六阶隐秘精魄，可用于灵魂升阶。,12601034,12601034,TRUE,4,5,1,0,10,,,4,"[12601034,10,1000]"
,12602035,126020351,六阶英勇碎片,126020352,10个碎片可以合成1个六阶英勇精魄，可用于灵魂升阶。,12601035,12601035,TRUE,4,5,1,0,10,,,4,"[12601035,10,1000]"
,12602036,126020361,六阶迷幻碎片,126020362,10个碎片可以合成1个六阶迷幻精魄，可用于灵魂升阶。,12601036,12601036,TRUE,4,5,1,0,10,,,4,"[12601036,10,1000]"
,12602037,126020371,七阶凶猛碎片,126020372,10个碎片可以合成1个七阶凶猛精魄，可用于灵魂升阶。,12601037,12601037,TRUE,4,5,1,0,10,,,4,"[12601037,10,1000]"
,12602038,126020381,七阶迅捷碎片,126020382,10个碎片可以合成1个七阶迅捷精魄，可用于灵魂升阶。,12601038,12601038,TRUE,4,5,1,0,10,,,4,"[12601038,10,1000]"
,12602039,126020391,七阶坚韧碎片,126020392,10个碎片可以合成1个七阶坚韧精魄，可用于灵魂升阶。,12601039,12601039,TRUE,4,5,1,0,10,,,4,"[12601039,10,1000]"
,12602040,126020401,七阶隐秘碎片,126020402,10个碎片可以合成1个七阶隐秘精魄，可用于灵魂升阶。,12601040,12601040,TRUE,4,5,1,0,10,,,4,"[12601040,10,1000]"
,12602041,126020411,七阶英勇碎片,126020412,10个碎片可以合成1个七阶英勇精魄，可用于灵魂升阶。,12601041,12601041,TRUE,4,5,1,0,10,,,4,"[12601041,10,1000]"
,12602042,126020421,七阶迷幻碎片,126020422,10个碎片可以合成1个七阶迷幻精魄，可用于灵魂升阶。,12601042,12601042,TRUE,4,5,1,0,10,,,4,"[12601042,10,1000]"
,12602043,126020431,八阶凶猛碎片,126020432,10个碎片可以合成1个八阶凶猛精魄，可用于灵魂升阶。,12601043,12601043,TRUE,4,5,1,0,10,,,4,"[12601043,10,1000]"
,12602044,126020441,八阶迅捷碎片,126020442,10个碎片可以合成1个八阶迅捷精魄，可用于灵魂升阶。,12601044,12601044,TRUE,4,5,1,0,10,,,4,"[12601044,10,1000]"
,12602045,126020451,八阶坚韧碎片,126020452,10个碎片可以合成1个八阶坚韧精魄，可用于灵魂升阶。,12601045,12601045,TRUE,4,5,1,0,10,,,4,"[12601045,10,1000]"
,12602046,126020461,八阶隐秘碎片,126020462,10个碎片可以合成1个八阶隐秘精魄，可用于灵魂升阶。,12601046,12601046,TRUE,4,5,1,0,10,,,4,"[12601046,10,1000]"
,12602047,126020471,八阶英勇碎片,126020472,10个碎片可以合成1个八阶英勇精魄，可用于灵魂升阶。,12601047,12601047,TRUE,4,5,1,0,10,,,4,"[12601047,10,1000]"
,12602048,126020481,八阶迷幻碎片,126020482,10个碎片可以合成1个八阶迷幻精魄，可用于灵魂升阶。,12601048,12601048,TRUE,4,5,1,0,10,,,4,"[12601048,10,1000]"
,12602049,126020491,九阶凶猛碎片,126020492,10个碎片可以合成1个九阶凶猛精魄，可用于灵魂升阶。,12601049,12601049,TRUE,4,5,1,0,10,,,4,"[12601049,10,1000]"
,12602050,126020501,九阶迅捷碎片,126020502,10个碎片可以合成1个九阶迅捷精魄，可用于灵魂升阶。,12601050,12601050,TRUE,4,5,1,0,10,,,4,"[12601050,10,1000]"
,12602051,126020511,九阶坚韧碎片,126020512,10个碎片可以合成1个九阶坚韧精魄，可用于灵魂升阶。,12601051,12601051,TRUE,4,5,1,0,10,,,4,"[12601051,10,1000]"
,12602052,126020521,九阶隐秘碎片,126020522,10个碎片可以合成1个九阶隐秘精魄，可用于灵魂升阶。,12601052,12601052,TRUE,4,5,1,0,10,,,4,"[12601052,10,1000]"
,12602053,126020531,九阶英勇碎片,126020532,10个碎片可以合成1个九阶英勇精魄，可用于灵魂升阶。,12601053,12601053,TRUE,4,5,1,0,10,,,4,"[12601053,10,1000]"
,12602054,126020541,九阶迷幻碎片,126020542,10个碎片可以合成1个九阶迷幻精魄，可用于灵魂升阶。,12601054,12601054,TRUE,4,5,1,0,10,,,4,"[12601054,10,1000]"
,12602055,126020551,十阶凶猛碎片,126020552,10个碎片可以合成1个十阶凶猛精魄，可用于灵魂升阶。,12601055,12601055,TRUE,4,5,1,0,10,,,4,"[12601055,10,1000]"
,12602056,126020561,十阶迅捷碎片,126020562,10个碎片可以合成1个十阶迅捷精魄，可用于灵魂升阶。,12601056,12601056,TRUE,4,5,1,0,10,,,4,"[12601056,10,1000]"
,12602057,126020571,十阶坚韧碎片,126020572,10个碎片可以合成1个十阶坚韧精魄，可用于灵魂升阶。,12601057,12601057,TRUE,4,5,1,0,10,,,4,"[12601057,10,1000]"
,12602058,126020581,十阶隐秘碎片,126020582,10个碎片可以合成1个十阶隐秘精魄，可用于灵魂升阶。,12601058,12601058,TRUE,4,5,1,0,10,,,4,"[12601058,10,1000]"
,12602059,126020591,十阶英勇碎片,126020592,10个碎片可以合成1个十阶英勇精魄，可用于灵魂升阶。,12601059,12601059,TRUE,4,5,1,0,10,,,4,"[12601059,10,1000]"
,12602060,126020601,十阶迷幻碎片,126020602,10个碎片可以合成1个十阶迷幻精魄，可用于灵魂升阶。,12601060,12601060,TRUE,4,5,1,0,10,,,4,"[12601060,10,1000]"
,12602061,126020611,十一阶凶猛碎片,126020612,10个碎片可以合成1个十一阶凶猛精魄，可用于灵魂升阶。,12601061,12601061,TRUE,4,5,1,0,10,,,4,"[12601061,10,1000]"
,12602062,126020621,十一阶迅捷碎片,126020622,10个碎片可以合成1个十一阶迅捷精魄，可用于灵魂升阶。,12601062,12601062,TRUE,4,5,1,0,10,,,4,"[12601062,10,1000]"
,12602063,126020631,十一阶坚韧碎片,126020632,10个碎片可以合成1个十一阶坚韧精魄，可用于灵魂升阶。,12601063,12601063,TRUE,4,5,1,0,10,,,4,"[12601063,10,1000]"
,12602064,126020641,十一阶隐秘碎片,126020642,10个碎片可以合成1个十一阶隐秘精魄，可用于灵魂升阶。,12601064,12601064,TRUE,4,5,1,0,10,,,4,"[12601064,10,1000]"
,12602065,126020651,十一阶英勇碎片,126020652,10个碎片可以合成1个十一阶英勇精魄，可用于灵魂升阶。,12601065,12601065,TRUE,4,5,1,0,10,,,4,"[12601065,10,1000]"
,12602066,126020661,十一阶迷幻碎片,126020662,10个碎片可以合成1个十一阶迷幻精魄，可用于灵魂升阶。,12601066,12601066,TRUE,4,5,1,0,10,,,4,"[12601066,10,1000]"
,12602067,126020671,十二阶凶猛碎片,126020672,10个碎片可以合成1个十二阶凶猛精魄，可用于灵魂升阶。,12601067,12601067,TRUE,4,5,1,0,10,,,4,"[12601067,10,1000]"
,12602068,126020681,十二阶迅捷碎片,126020682,10个碎片可以合成1个十二阶迅捷精魄，可用于灵魂升阶。,12601068,12601068,TRUE,4,5,1,0,10,,,4,"[12601068,10,1000]"
,12602069,126020691,十二阶坚韧碎片,126020692,10个碎片可以合成1个十二阶坚韧精魄，可用于灵魂升阶。,12601069,12601069,TRUE,4,5,1,0,10,,,4,"[12601069,10,1000]"
,12602070,126020701,十二阶隐秘碎片,126020702,10个碎片可以合成1个十二阶隐秘精魄，可用于灵魂升阶。,12601070,12601070,TRUE,4,5,1,0,10,,,4,"[12601070,10,1000]"
,12602071,126020711,十二阶英勇碎片,126020712,10个碎片可以合成1个十二阶英勇精魄，可用于灵魂升阶。,12601071,12601071,TRUE,4,5,1,0,10,,,4,"[12601071,10,1000]"
,12602072,126020721,十二阶迷幻碎片,126020722,10个碎片可以合成1个十二阶迷幻精魄，可用于灵魂升阶。,12601072,12601072,TRUE,4,5,1,0,10,,,4,"[12601072,10,1000]"
,12602073,126020731,十三阶凶猛碎片,126020732,10个碎片可以合成1个十三阶凶猛精魄，可用于灵魂升阶。,12601073,12601073,TRUE,4,5,1,0,10,,,4,"[12601073,10,1000]"
,12602074,126020741,十三阶迅捷碎片,126020742,10个碎片可以合成1个十三阶迅捷精魄，可用于灵魂升阶。,12601074,12601074,TRUE,4,5,1,0,10,,,4,"[12601074,10,1000]"
,12602075,126020751,十三阶坚韧碎片,126020752,10个碎片可以合成1个十三阶坚韧精魄，可用于灵魂升阶。,12601075,12601075,TRUE,4,5,1,0,10,,,4,"[12601075,10,1000]"
,12602076,126020761,十三阶隐秘碎片,126020762,10个碎片可以合成1个十三阶隐秘精魄，可用于灵魂升阶。,12601076,12601076,TRUE,4,5,1,0,10,,,4,"[12601076,10,1000]"
,12602077,126020771,十三阶英勇碎片,126020772,10个碎片可以合成1个十三阶英勇精魄，可用于灵魂升阶。,12601077,12601077,TRUE,4,5,1,0,10,,,4,"[12601077,10,1000]"
,12602078,126020781,十三阶迷幻碎片,126020782,10个碎片可以合成1个十三阶迷幻精魄，可用于灵魂升阶。,12601078,12601078,TRUE,4,5,1,0,10,,,4,"[12601078,10,1000]"
,12602079,126020791,十四阶凶猛碎片,126020792,10个碎片可以合成1个十四阶凶猛精魄，可用于灵魂升阶。,12601079,12601079,TRUE,4,5,1,0,10,,,4,"[12601079,10,1000]"
,12602080,126020801,十四阶迅捷碎片,126020802,10个碎片可以合成1个十四阶迅捷精魄，可用于灵魂升阶。,12601080,12601080,TRUE,4,5,1,0,10,,,4,"[12601080,10,1000]"
,12602081,126020811,十四阶坚韧碎片,126020812,10个碎片可以合成1个十四阶坚韧精魄，可用于灵魂升阶。,12601081,12601081,TRUE,4,5,1,0,10,,,4,"[12601081,10,1000]"
,12602082,126020821,十四阶隐秘碎片,126020822,10个碎片可以合成1个十四阶隐秘精魄，可用于灵魂升阶。,12601082,12601082,TRUE,4,5,1,0,10,,,4,"[12601082,10,1000]"
,12602083,126020831,十四阶英勇碎片,126020832,10个碎片可以合成1个十四阶英勇精魄，可用于灵魂升阶。,12601083,12601083,TRUE,4,5,1,0,10,,,4,"[12601083,10,1000]"
,12602084,126020841,十四阶迷幻碎片,126020842,10个碎片可以合成1个十四阶迷幻精魄，可用于灵魂升阶。,12601084,12601084,TRUE,4,5,1,0,10,,,4,"[12601084,10,1000]"
,12602085,126020851,十五阶凶猛碎片,126020852,10个碎片可以合成1个十五阶凶猛精魄，可用于灵魂升阶。,12601085,12601085,TRUE,4,5,1,0,10,,,4,"[12601085,10,1000]"
,12602086,126020861,十五阶迅捷碎片,126020862,10个碎片可以合成1个十五阶迅捷精魄，可用于灵魂升阶。,12601086,12601086,TRUE,4,5,1,0,10,,,4,"[12601086,10,1000]"
,12602087,126020871,十五阶坚韧碎片,126020872,10个碎片可以合成1个十五阶坚韧精魄，可用于灵魂升阶。,12601087,12601087,TRUE,4,5,1,0,10,,,4,"[12601087,10,1000]"
,12602088,126020881,十五阶隐秘碎片,126020882,10个碎片可以合成1个十五阶隐秘精魄，可用于灵魂升阶。,12601088,12601088,TRUE,4,5,1,0,10,,,4,"[12601088,10,1000]"
,12602089,126020891,十五阶英勇碎片,126020892,10个碎片可以合成1个十五阶英勇精魄，可用于灵魂升阶。,12601089,12601089,TRUE,4,5,1,0,10,,,4,"[12601089,10,1000]"
,12602090,126020901,十五阶迷幻碎片,126020902,10个碎片可以合成1个十五阶迷幻精魄，可用于灵魂升阶。,12601090,12601090,TRUE,4,5,1,0,10,,,4,"[12601090,10,1000]"
,12603001,126030011,扫荡券,126030012,用于副本扫荡，每次消耗一张。根据[c][FF9900]VIP等级[-][/c]随每日任务发放。,,12603001,TRUE,3,7,1,0,10,,,,
,12603002,126030021,复活币,126030022,用于副本内复活，每次消耗一枚。,,12603002,TRUE,4,7,1,0,10,,,,
,12603003,126030031,银条反,126030032,用于时装升阶。,,12603003,TRUE,5,7,1,0,10,,,,
,12603004,126030041,拳西面具,126030042,用于开启世界Boss拳西，开启者可获得大量银条反,,12603004,TRUE,5,7,1,0,10,,,,
,12603005,126030051,魂之结晶,126030052,用于购买精英副本挑战次数,,12603005,TRUE,4,7,1,0,10,,,,
,12603006,126030061,小喇叭,126030062,用于在世界频道聊天,,12603006,TRUE,3,7,1,0,10,,,,
,12603007,126030071,灵珠核<小>,126030072,可在魄睡中代替基础修炼的金币消耗。,,12603007,TRUE,4,7,1,0,10,,,,
,12603008,126030081,灵珠核<中>,126030082,可在魄睡中代替中级修炼的钻石消耗。,,12603008,TRUE,4,7,1,0,10,,,,
,12603009,126030091,灵珠核<大>,126030092,可在魄睡中代替高级修炼的钻石消耗。,,12603009,TRUE,5,7,1,0,10,,,,
,12603010,126030101,貘爻装碎片,126030102,用于合成时装。,,12603010,TRUE,5,7,1,0,10,,,,
,12603011,126030111,响河装碎片,126030112,用于合成时装。,,12603011,TRUE,5,7,1,0,10,,,,
,12700001,127000011,死神代理证,127000012,成为主角的必须品（雾）。,,12700001,TRUE,4,7,1,0,10,,,,
,12700002,127000021,公测助力礼包,127000022,公测开始后可开启，打开后可获得：\n[c][F04CCB]钱袋<大>[-][/c]*3\n[c][F04CCB]灵子丸<大>[-][/c]*3\n[c][F04CCB]义魂丸<大>[-][/c]*3\n[c][FF9900]异能灵石[-][/c]*3,,12700002,TRUE,5,1,99,0,10,,,3,[16227015]
,12700003,127000031,公测精英大礼,127000032,公测开始后可开启，立即获得最美冰雪系斩魄刀[c][F04CCB]袖白雪[-][/c]。,,12700003,TRUE,5,1,99,0,10,,,3,[16227016]
,12700004,127000041,公测斩月礼包,127000042,公测开始后可开启，打开后可获得[c][F04CCB]斩月[-][/c]碎片*10。,,12700004,TRUE,5,1,99,0,10,,,3,[16227017]
,12700005,127000051,公测天谴礼包,127000052,公测开始后可开启，打开后可获得[c][FF9900]天谴[-][/c]碎片*10。,,12700005,TRUE,5,1,99,0,10,,,3,[16227018]
,12700006,127000061,公测冰轮丸首发礼包,127000062,公测开始后可开启，五星斩魄刀[c][FF9900]冰轮丸[-][/c]首发唯一获得途径。,12500072,12500072,TRUE,5,1,99,0,10,,,3,[16227019]
,12700007,127000071,公测助力礼包,127000072,公测开始后可开启，打开后可获得：\n[c][F04CCB]钱袋<大>[-][/c]*3\n[c][F04CCB]灵子丸<大>[-][/c]*3\n[c][F04CCB]义魂丸<大>[-][/c]*3\n[c][FF9900]异能灵石[-][/c]*3,12700002,12700002,TRUE,5,1,1,0,10,,,3,[16227015]
,12700008,127000081,公测精英大礼,127000082,公测开始后可开启，立即获得最美冰雪系斩魄刀[c][F04CCB]袖白雪[-][/c]。,12700003,12700003,TRUE,5,1,1,0,10,,,3,[16227016]
,12700009,127000091,公测斩月礼包,127000092,公测开始后可开启，打开后可获得[c][F04CCB]斩月[-][/c]碎片*10。,12700004,12700004,TRUE,5,1,1,0,10,,,3,[16227017]
,12700010,127000101,公测天谴礼包,127000102,公测开始后可开启，打开后可获得[c][FF9900]天谴[-][/c]碎片*10。,12700005,12700005,TRUE,5,1,1,0,10,,,3,[16227018]
,12700011,127000111,公测冰轮丸首发礼包,127000112,公测开始后可开启，五星斩魄刀[c][FF9900]冰轮丸[-][/c]首发唯一获得途径。,12500072,12500072,TRUE,5,1,1,0,10,,,3,[16227019]
,12700012,127000121,漫画手办礼包,127000122,几率开出漫画兑换礼包、手办兑换礼包、钻石*588、钻石*88、金币5888、灵子2888。,12500055,12500055,TRUE,5,1,1,0,10,,,3,[16227021]
,12700013,127000131,漫画兑换礼包,127000132,该兑换券可以兑换死神正版漫画一套，请及时联系客服提供您的收件地址。,12500080,12500080,TRUE,5,7,1,0,10,,,,
,12700014,127000141,88大礼包,127000142,礼包内随机开出：钻石*88、钻石*888、灰猫碎片*1、灰猫碎片*10。,12500054,12500054,TRUE,4,1,1,0,10,,,3,[16227022]
,12700015,127000151,返钻礼包,127000152,该道具可以在对应活动中兑换返利钻石。,12500027,12500027,TRUE,5,7,1,0,10,,,,
,12700016,127000161,88钻石礼包,127000162,使用后可获得88钻石。,12700002,12700002,TRUE,5,1,1,0,10,,,3,[16227023]
,12700017,127000171,188钻石礼包,127000172,使用后可获得188钻石。,12700004,12700004,TRUE,5,1,1,0,10,,,3,[16227024]
,12700018,127000181,288钻石礼包,127000182,使用后可获得288钻石。,12700005,12700005,TRUE,5,1,1,0,10,,,3,[16227025]
,99999999,999999991,QA礼包,999999992,QA专用,,99999999,TRUE,4,1,1,0,10,,,3,[88888888]
